seed,scenario_id,true_error,true_weight,bp_iterations,candidate_count,baseline_qubits,baseline_confidence,baseline_logical_risk,baseline_exact,baseline_failure,qdsv_qubits,qdsv_confidence,qdsv_logical_risk,qdsv_exact,qdsv_failure,risk_delta,exact_delta,failure_delta,qdsv_score_margin,uncertainty_low_qdsv_margin,uncertainty_low_decoder_margin,uncertainty_many_candidates,uncertainty_flag_count,evidence_insufficient_flag,timing_decode_ms,timing_candidate_ms,timing_qdsv_ms,timing_total_ms
260717,0,18,1,20,10,18,1000,41,True,False,18,1000,41,True,False,0,0,0,91.2100646853147,False,False,True,1,False,2.959299999929499,55.53079999981492,2.204500000061671,67.81920000003083
260717,1,15,1,20,3,15,1000,41,True,False,15,1000,41,True,False,0,0,0,278.17810296282664,False,False,False,0,False,2.9334999999264255,42.25819999965097,1.035900000260881,48.845700000129
260717,2,10,1,20,11,10,1000,41,True,False,10,1000,41,True,False,0,0,0,230.73071792418102,False,False,True,1,False,2.950500000224565,42.46910000028947,2.380399999765359,50.67810000036843
260717,3,17,1,20,13,17,1000,41,True,False,17,1000,41,True,False,0,0,0,98.16872497239603,False,False,True,1,False,2.8770000003532914,42.101300000013,2.468700000008539,50.066599999809114
260717,4,17,1,20,13,17,1000,41,True,False,17,1000,41,True,False,0,0,0,162.4542752116305,False,False,True,1,False,2.908999999817752,39.81530000010025,4.055200000038894,48.593699999855744
260717,5,2 5,2,20,6,19 20,1000,207,False,False,2 5,960,57,True,False,150,1,0,40.012514170040504,False,False,False,0,False,4.268099999990227,40.1756999999634,1.9277999999758322,48.387300000285904
260717,6,23,1,20,11,23,1000,41,True,False,23,1000,41,True,False,0,0,0,256.730521715127,False,False,True,1,False,3.3346999998684623,52.2251000002143,2.4000000003070454,59.73450000010416
260717,7,14,1,20,11,14,1000,41,True,False,14,1000,41,True,False,0,0,0,178.92516286345233,False,False,True,1,False,3.0738999998902727,39.976199999728124,2.1981999998388346,47.003500000300846
260717,8,15 19,2,20,11,4 16 20,1000,223,False,False,15 19,995,57,True,False,166,1,0,53.766294350386374,False,True,True,2,True,2.904999999827851,43.63130000001547,2.2718000000168104,50.69469999989451
260717,9,7,1,20,7,7,1000,191,True,False,7,1000,191,True,False,0,0,0,77.10105800515282,False,False,False,0,False,3.077299999858951,46.39859999997498,2.0518000001175096,53.822500000023865
260717,10,0,1,20,11,0,1000,191,True,False,0,1000,191,True,False,0,0,0,126.81301972764072,False,False,True,1,False,4.432200000337616,42.65709999981482,2.2400000002562592,51.263400000152615
260717,11,4 9,2,20,17,3 9 13,1000,73,False,False,4 9,990,57,True,False,16,1,0,6.927538369525223,True,True,True,3,True,4.311600000164617,51.08310000014171,3.1975000001693843,60.64650000007532
260717,12,22,1,20,11,22,1000,191,True,False,22,1000,191,True,False,0,0,0,161.71608165255793,False,False,True,1,False,2.998800000113988,44.524100000217004,2.3289000000659144,51.71669999981532
260717,13,9 11,2,20,10,6 7 18,1000,373,False,False,9 11,933,207,True,False,166,1,0,25.42237075818923,False,True,True,2,True,3.1507000003330177,51.33270000033008,3.3189999999194697,59.677600000213715
260717,14,16 19,2,20,10,16 19,1000,57,True,False,16 19,1000,57,True,False,0,0,0,59.66160535517122,False,False,True,1,False,2.9715000000578584,46.359400000255846,2.084299999751238,53.264600000147766
260717,15,3 6,2,20,8,4 5 9,1000,73,False,False,4 5 9,1000,73,False,False,0,0,0,69.38066958041964,False,True,True,2,True,4.105699999854551,46.66320000023916,1.7012000002978311,54.20460000004823
260717,16,7 15,2,20,7,7 15,1000,207,True,False,7 15,1000,207,True,False,0,0,0,104.02574190283394,False,False,False,0,False,2.9330999996091123,42.61999999971522,1.5578000002278714,48.83520000021235
260717,17,0 18,2,20,6,0 18,1000,207,True,False,0 18,1000,207,True,False,0,0,0,133.68421052631584,False,False,False,0,False,2.9030999999122287,48.62050000019735,1.4838000001873297,54.86829999972542
260717,18,11,1,20,11,11,1000,191,True,False,11,1000,191,True,False,0,0,0,153.7745556496136,False,False,True,1,False,3.365499999745225,47.160100000382954,2.684699999917939,55.15719999993962
260717,19,1 6,2,20,6,1 6,1000,357,True,False,2 18,868,57,False,False,300,-1,0,42.26795951417,False,False,False,0,False,2.9872999998588057,40.56860000036977,1.3289999997141422,46.542800000224815
260717,20,5 17,2,20,7,5 17,1000,57,True,False,5 17,1000,57,True,False,0,0,0,142.10526315789468,False,False,False,0,False,3.3201999999619147,39.854700000432786,1.4306999996733794,46.21140000017476
260717,21,4,1,20,4,4,1000,41,True,False,4,1000,41,True,False,0,0,0,267.8057418476261,False,False,False,0,False,2.8048000003764173,41.91480000008596,1.0287000000062108,47.40619999984119
260717,22,7 10,2,20,9,16 17,1000,57,False,False,16 17,1000,57,False,False,0,0,0,111.59146153846154,False,False,True,1,False,2.8782999997929437,40.419500000098196,3.270700000030047,48.89689999981783
260717,23,4 15,2,20,10,4 17 18,1000,73,False,False,4 15,980,57,True,False,16,1,0,1.675768034597013,True,True,True,3,True,5.0682000000961125,38.53210000033869,1.7976000003727677,47.14449999983117
260717,24,21,1,20,10,21,1000,191,True,False,21,1000,191,True,False,0,0,0,183.7785747883695,False,False,True,1,False,2.7632000001176493,40.31299999996918,2.3624000000381784,47.03349999999773
260717,25,11,1,20,11,11,1000,191,True,False,11,1000,191,True,False,0,0,0,119.0269910195068,False,False,True,1,False,2.8892000000269036,39.11369999968883,2.0874000001640525,45.744899999590416
260717,26,0 21,2,20,6,0 21,1000,357,True,False,0 21,1000,357,True,False,0,0,0,32.170009477364715,False,False,False,0,False,3.396300000076735,42.168800000126794,1.467999999931635,48.65190000009534
260717,27,4 23,2,20,10,7 18,1000,207,False,False,4 23,976,57,True,False,150,1,0,48.43356680161946,False,True,True,2,True,3.1014999999570136,45.39359999989756,2.144200000202545,52.65629999985322
260717,28,17,1,20,13,17,1000,41,True,False,17,1000,41,True,False,0,0,0,136.05676324990804,False,False,True,1,False,3.4518000002208282,49.58820000001651,2.6434000001245295,57.53850000019156
260717,29,7 14,2,20,9,7 14,1000,207,True,False,7 14,1000,207,True,False,0,0,0,84.63980888847993,False,False,True,1,False,4.206799999792565,43.667000000368716,1.9564999997783161,51.89700000028097
260717,30,16,1,20,4,16,1000,41,True,False,16,1000,41,True,False,0,0,0,318.55732079499444,False,False,False,0,False,3.2047999998212617,41.697100000419596,1.0890999997172912,48.18859999977576
260717,31,7 10,2,20,9,1 3 9,1000,223,False,False,1 3 9,1000,223,False,False,0,0,0,44.67377480677226,False,False,True,1,False,3.7323000001379114,45.65720000027795,1.9227999996473955,53.14600000019709
260717,32,2 4,2,20,8,10 11 13,1000,223,False,False,2 4,988,57,True,False,166,1,0,65.81079677953619,False,True,True,2,True,3.1096000002435176,48.471999999947,1.7476999996688392,55.63130000018646
260717,33,9,1,20,5,9,1000,41,True,False,9,1000,41,True,False,0,0,0,239.4296819101951,False,False,False,0,False,3.7894000001870154,38.66590000006909,1.2241999997968378,45.35639999994601
260717,34,2 6,2,20,7,2 6,1000,207,True,False,2 6,1000,207,True,False,0,0,0,55.78947368421052,False,False,False,0,False,2.93180000016946,40.14159999996991,1.6547000000173284,46.497899999849324
260717,35,22,1,20,11,22,1000,191,True,False,22,1000,191,True,False,0,0,0,110.3693830879647,False,False,True,1,False,3.107399999862537,41.88049999993382,2.1594999998342246,48.802100000102655
260717,36,1,1,20,9,1,1000,191,True,False,1,1000,191,True,False,0,0,0,120.1117805299964,False,False,True,1,False,2.8798999996979546,38.88249999999971,2.7451999999357213,46.226800000113144
260717,37,2 12,2,20,7,1 21,1000,357,False,False,2 12,917,57,True,False,300,1,0,55.26315789473688,False,False,False,0,False,3.115199999683682,41.85240000015256,2.196200000071258,48.85279999962222
260717,38,1 21,2,20,7,1 21,1000,357,True,False,10 17,892,57,False,False,300,-1,0,22.63157894736844,True,False,False,1,False,3.003499999977066,41.476000000329805,1.5240999996422033,47.685399999863876
260717,39,10,1,20,11,10,1000,41,True,False,10,1000,41,True,False,0,0,0,211.8983686050791,False,False,True,1,False,3.0673000001115724,39.45380000004661,2.0744999997077684,46.255899999778194
260718,0,12,1,20,10,12,1000,41,True,False,12,1000,41,True,False,0,0,0,188.72708156054466,False,False,True,1,False,3.865700000005745,39.083600000139995,1.9158000000061293,46.580400000038935
260718,1,4 8,2,20,4,4 8,1000,207,True,False,2 18,936,57,False,False,150,-1,0,27.380935222672065,False,False,False,0,False,3.2532999998693413,41.270300000178395,1.0336000000279455,47.23620000004303
260718,2,20,1,20,11,20,1000,41,True,False,20,1000,41,True,False,0,0,0,221.92555046006623,False,False,True,1,False,3.1360999996650207,41.65670000020327,2.17689999999493,48.68979999992007
260718,3,2 14,2,20,3,2 14,1000,57,True,False,2 14,1000,57,True,False,0,0,0,28.947368421052715,False,True,False,1,False,3.364799999872048,42.3132999999325,0.8988999998109648,48.14570000007734
260718,4,9 10,2,20,4,9 10,1000,207,True,False,9 10,1000,207,True,False,0,0,0,4.198012145748976,True,False,False,1,False,3.1650999999328633,51.906400000007125,1.0763999998744112,58.26889999980267
260718,5,12 16,2,20,17,2 8 15,1000,373,False,False,12 16,997,207,True,False,166,1,0,59.10189228928971,False,True,True,2,True,3.214800000023388,45.36699999971461,3.738299999895389,54.273599999760336
260718,6,13,1,20,13,13,1000,191,True,False,13,1000,191,True,False,0,0,0,72.63866566065519,False,False,True,1,False,3.617100000155915,40.16069999988758,2.597700000023906,48.314299999674404
260718,7,8 17,2,20,6,8 16 22,1000,373,False,True,8 16 22,1000,373,False,True,0,0,0,8.232366083916077,True,False,False,1,False,3.9149999997789564,38.84970000035537,1.3927999998486484,45.8835999997973
260718,8,11 23,2,20,3,11 23,1000,207,True,False,11 23,1000,207,True,False,0,0,0,71.0526315789474,False,False,False,0,False,3.1610999999429623,41.45520000020042,0.9699000002001412,47.35230000005686
260718,9,3,1,20,13,3,1000,41,True,False,3,1000,41,True,False,0,0,0,236.53492845049686,False,False,True,1,False,3.4334000001763343,41.98389999965002,2.574399999957677,49.80969999996887
260718,10,9 10,2,20,4,9 10,1000,207,True,False,9 10,1000,207,True,False,0,0,0,104.19801214574898,False,False,False,0,False,3.4464000000298256,46.600799999851006,1.3366999996833329,53.993699999864475
260718,11,0 15,2,20,4,0 15,1000,207,True,False,0 15,1000,207,True,False,0,0,0,205.60354576739041,False,False,False,0,False,5.693600000086008,58.37229999997362,1.3668000001416658,67.22840000020369
260718,12,5 8,2,20,6,5 8,1000,207,True,False,5 8,1000,207,True,False,0,0,0,31.040117408906895,False,False,False,0,False,4.298299999845767,51.372900000387745,1.420099999904778,58.9348999997128
260718,13,12 13,2,20,5,7 9,1000,207,False,False,7 9,1000,207,False,False,0,0,0,96.84210526315792,False,False,False,0,False,3.4853000001930923,45.35069999974439,1.2172000001555716,51.772799999980634
260718,14,18 23,2,20,3,18 23,1000,207,True,False,18 23,1000,207,True,False,0,0,0,49.473684210526244,False,False,False,0,False,3.1709999998383864,40.1292999999896,0.9126999998443353,45.92679999996108
260718,15,14,1,20,11,14,1000,41,True,False,14,1000,41,True,False,0,0,0,230.33013894000726,False,False,True,1,False,3.4134000002268294,42.4116000003778,2.1453000003930356,50.463699999909295
260718,16,4 7,2,20,3,1 18,1000,207,False,False,4 7,952,57,True,False,150,1,0,35.80198785425091,False,True,False,1,False,3.2405000001745066,44.57559999991645,0.968000000284519,50.620600000002014
260718,17,1 2,2,20,3,5 21,1000,57,False,False,5 21,1000,57,False,False,0,0,0,347.9072510121458,False,False,False,0,False,3.2893000002331974,45.70609999973385,0.8966000000327767,51.594699999895965
260718,18,2 5,2,20,6,1 21,1000,207,False,False,1 21,1000,207,False,False,0,0,0,8.947368421052602,True,True,False,2,True,3.304200000002311,44.71899999998641,1.4644999996562547,51.28039999999601
260718,19,4,1,20,15,4,1000,41,True,False,4,1000,41,True,False,0,0,0,186.97416290025762,False,False,True,1,False,3.593399999772373,49.12060000015117,2.7531000000635686,57.210200000099576
260718,20,0 11,2,20,3,0 11,1000,57,True,False,0 11,1000,57,True,False,0,0,0,237.655007305852,False,False,False,0,False,3.8697999998476007,43.02580000012313,0.9639999998398707,49.669900000026246
260718,21,6,1,20,11,6,1000,41,True,False,6,1000,41,True,False,0,0,0,200.22832075818917,False,False,True,1,False,3.619799999796669,42.1582999997554,2.0258999998077343,49.346199999945384
260718,22,6 18,2,20,3,1 3,1000,207,False,False,6 18,963,57,True,False,150,1,0,41.591461538461544,False,False,False,0,False,3.4724000001915556,36.84160000011616,0.8637000000817352,42.6009999996495
260718,23,13,1,20,13,16 19,1000,357,False,True,13,923,191,True,False,166,1,1,21.454302116304802,True,False,True,2,True,3.244699999868317,38.75930000003791,3.296600000339822,46.974500000033004
260718,24,13,1,20,13,13,1000,191,True,False,13,1000,191,True,False,0,0,0,119.4488140228193,False,False,True,1,False,3.124500000012631,39.47150000021793,4.063200000018696,48.883399999795074
260718,25,1 5,2,20,3,8 11,1000,207,False,False,8 11,1000,207,False,False,0,0,0,195.78947368421052,False,False,False,0,False,3.178800000114279,40.92919999993683,1.0147999996661383,46.86489999994592
260718,26,8 22,2,20,6,8 22,1000,207,True,False,8 22,1000,207,True,False,0,0,0,71.57894736842115,False,False,False,0,False,5.063799999788898,62.10719999990033,2.877800000078423,73.0650999998943
260718,27,0 2,2,20,3,16 20 23,1000,373,False,False,16 20 23,1000,373,False,False,0,0,0,27.938512200956893,False,False,False,0,False,4.136999999900581,44.00359999999637,1.021299999592884,51.12090000011449
260718,28,4,1,20,15,4,1000,41,True,False,4,1000,41,True,False,0,0,0,55.00650257637096,False,False,True,1,False,4.003799999736657,41.570299999875715,2.6580999997349863,49.937100000079226
260718,29,5,1,20,12,5,1000,41,True,False,5,1000,41,True,False,0,0,0,167.12267482517484,False,False,True,1,False,3.1624000002921093,39.98390000015206,2.2372000003088033,47.930799999903684
260718,30,0 5,2,20,3,0 5,1000,57,True,False,0 5,1000,57,True,False,0,0,0,288.1367988038277,False,False,False,0,False,3.172400000039488,40.0102000003244,0.9834000002229004,48.515800000132
260718,31,4 8,2,20,4,2 18,1000,57,False,False,2 18,1000,57,False,False,0,0,0,238.43356680161935,False,False,False,0,False,4.204100000151811,41.68619999973089,1.1825999999928172,49.08350000005157
260718,32,21,1,20,13,21,1000,41,True,False,21,1000,41,True,False,0,0,0,200.89645472948098,False,False,True,1,False,3.628999999818916,44.5849000002454,2.6189000000158558,53.38590000019394
260718,33,18,1,20,13,18,1000,41,True,False,18,1000,41,True,False,0,0,0,80.4304260213471,False,False,True,1,False,3.5016000001633074,43.34229999994932,2.5203999998666404,51.134900000306516
260718,34,1,1,20,17,1,1000,191,True,False,1,1000,191,True,False,0,0,0,146.6365603974972,False,False,True,1,False,3.2089000001178647,42.90779999973893,3.0778999998801737,51.16189999989729
260718,35,4,1,20,15,4,1000,41,True,False,4,1000,41,True,False,0,0,0,215.9054547662863,False,False,True,1,False,3.185600000051636,43.75179999988177,2.870599999823753,51.598099999864644
260718,36,21,1,20,13,21,1000,41,True,False,21,1000,41,True,False,0,0,0,117.04095715863093,False,False,True,1,False,3.3420000004298345,40.81080000014481,2.344700000321609,48.174200000175915
260718,37,8 13,2,20,4,8 13,1000,357,True,False,8 13,1000,357,True,False,0,0,0,87.21823886639675,False,False,False,0,False,3.172100000028877,46.05230000015581,1.175500000044849,52.208499999778724
260718,38,14,1,20,11,14,1000,41,True,False,14,1000,41,True,False,0,0,0,176.00841645196908,False,False,True,1,False,3.562000000329135,40.57439999996859,2.188200000091456,48.18599999998696
260718,39,12,1,20,10,12,1000,41,True,False,12,1000,41,True,False,0,0,0,219.9873638203901,False,False,True,1,False,6.586299999980838,51.29430000033608,2.541800000017247,62.8830000000562
260719,0,18 19,2,20,5,18 19,1000,207,True,False,18 19,1000,207,True,False,0,0,0,141.8456510305483,False,False,False,0,False,3.5767999997915467,39.510600000085105,1.2310999995861494,46.3091000001441
260719,1,20,1,20,10,20,1000,191,True,False,20,1000,191,True,False,0,0,0,109.87656012145749,False,False,True,1,False,3.1101999998099927,39.25780000008672,1.976600000034523,46.047599999837985
260719,2,9 23,2,20,6,9 23,1000,207,True,False,9 23,1000,207,True,False,0,0,0,15.250643724696374,True,False,False,1,False,3.3693999998831714,39.81580000026952,1.399500000388798,46.284900000046036
260719,3,0,1,20,9,0,1000,41,True,False,0,1000,41,True,False,0,0,0,138.7844930069931,False,False,True,1,False,3.1561999999212276,46.63239999990765,1.8610000001899607,53.399500000068656
260719,4,15,1,20,10,15,1000,41,True,False,15,1000,41,True,False,0,0,0,148.9827705189548,False,False,True,1,False,3.601099999741564,44.393500000296626,2.623200000016368,52.33799999996336
260719,5,3,1,20,7,0 13,1000,207,False,True,0 13,1000,207,False,True,0,0,0,81.31071260581518,False,False,False,0,False,3.0822999997326406,41.18000000016764,1.6669999999976426,47.7696000002652
260719,6,13 18,2,20,10,13 18,1000,357,True,False,13 18,1000,357,True,False,0,0,0,64.36570325726905,False,False,True,1,False,3.9092000001801352,40.46410000000833,2.057499999864376,48.167300000386604
260719,7,22,1,20,11,22,1000,41,True,False,22,1000,41,True,False,0,0,0,127.03303119249176,False,False,True,1,False,4.007600000022649,41.461899999831076,2.248299999791925,49.42250000021886
260719,8,20,1,20,10,20,1000,191,True,False,20,1000,191,True,False,0,0,0,32.81675150901731,False,False,True,1,False,3.2393000001320615,45.44149999992442,2.0723999996334896,52.630799999860756
260719,9,2 5,2,20,11,18 23,1000,207,False,False,2 5,917,57,True,False,150,1,0,17.380935222672065,True,True,True,3,True,3.7898000000495813,49.31140000007872,2.2472999999081367,57.26799999956711
260719,10,17,1,20,12,17,1000,41,True,False,17,1000,41,True,False,0,0,0,74.27597598454179,False,True,True,2,True,3.939600000194332,69.86550000010538,2.776799999992363,80.76260000007096
260719,11,15 17,2,20,12,10 15 22,1000,73,False,False,10 15 22,1000,73,False,False,0,0,0,39.83485397497236,False,False,True,1,False,5.068299999948067,45.44080000005124,2.515000000130385,54.904500000247936
260719,12,9,1,20,10,9,1000,191,True,False,9,1000,191,True,False,0,0,0,55.11246700404854,False,False,True,1,False,3.450300000167772,41.46340000033888,2.0325999998931366,48.7183999998706
260719,13,5 10,2,20,11,5 10,1000,57,True,False,5 10,1000,57,True,False,0,0,0,154.30017476996693,False,False,True,1,False,3.0930999996598985,43.249700000160374,2.299399999628804,50.61070000010659
260719,14,20 22,2,20,10,20 22,1000,207,True,False,20 22,1000,207,True,False,0,0,0,113.80019648509392,False,False,True,1,False,3.184400000009191,45.85739999993166,2.1809999998367857,53.11299999993935
260719,15,1,1,20,6,1,1000,41,True,False,1,1000,41,True,False,0,0,0,245.28555046006625,False,False,False,0,False,3.312399999686022,40.44849999991129,1.7787000001590059,47.509399999853485
260719,16,5 17,2,20,12,5 17,1000,57,True,False,5 17,1000,57,True,False,0,0,0,64.22304048582987,False,True,True,2,True,5.052699999851029,47.07749999988664,2.210900000136462,56.12020000035045
260719,17,2 23,2,20,8,2 23,1000,57,True,False,2 23,1000,57,True,False,0,0,0,30.6150981781376,False,True,True,2,True,3.3779000000322412,40.0485000000117,1.7676000002211367,47.003700000004756
260719,18,13,1,20,9,13,1000,191,True,False,13,1000,191,True,False,0,0,0,108.79177543246226,False,False,True,1,False,3.1581999996888044,42.2843000001194,1.7670999995971215,48.889600000165956
260719,19,13,1,20,9,13,1000,191,True,False,13,1000,191,True,False,0,0,0,173.24019676113357,False,False,True,1,False,3.065800000058516,45.30669999985548,2.0362000000204716,52.27569999988191
260719,20,13 21,2,20,10,4 5 7,1000,223,False,False,4 5 7,1000,223,False,False,0,0,0,8.404205428781665,True,True,True,3,True,4.3270000001029985,47.757799999999406,2.2139000002425746,57.044199999836565
260719,21,6,1,20,7,6,1000,41,True,False,6,1000,41,True,False,0,0,0,170.3689906146485,False,False,False,0,False,3.333199999815406,40.03689999990456,2.5658999998086074,47.752999999829626
260719,22,1 10,2,20,12,1 10,1000,57,True,False,1 10,1000,57,True,False,0,0,0,95.80198785425102,False,False,True,1,False,3.28860000036002,43.334499999673426,2.584399999705056,51.109900000028574
260719,23,10,1,20,10,10,1000,41,True,False,10,1000,41,True,False,0,0,0,174.2220049687155,False,False,True,1,False,3.1220000000757864,42.11559999976089,2.9065000003356545,50.854099999924074
260719,24,10 21,2,20,10,9,1000,191,False,True,9,1000,191,False,True,0,0,0,25.06758662127345,False,False,True,1,False,3.35880000011457,45.826499999748194,2.067599999918457,53.011200000128156
260719,25,10,1,20,10,10,1000,41,True,False,10,1000,41,True,False,0,0,0,113.98432305852043,False,False,True,1,False,3.270199999860779,46.12989999986894,1.9961999996667146,53.28510000026654
260719,26,0,1,20,9,0,1000,41,True,False,0,1000,41,True,False,0,0,0,138.81664611704082,False,False,True,1,False,3.1695000002400775,47.97740000003614,1.838799999859475,54.71350000016173
260719,27,18,1,20,8,18,1000,191,True,False,18,1000,191,True,False,0,0,0,136.96708671328668,False,False,True,1,False,3.7156000003051304,40.027699999882316,1.634499999909167,47.11509999970076
260719,28,2 3,2,20,7,2 3,1000,207,True,False,1 16,913,57,False,False,150,-1,0,15.275672064777382,True,False,False,1,False,3.1416000001627253,49.0657000000283,2.4131000000124914,56.507199999941804
260719,29,4 13,2,20,8,4 13,1000,207,True,False,4 13,1000,207,True,False,0,0,0,13.684210526315724,True,False,True,2,True,3.4227999999529857,42.22840000011274,2.5313000001006003,50.16619999969407
260719,30,12 22,2,20,11,12 22,1000,57,True,False,12 22,1000,57,True,False,0,0,0,119.31012210158269,False,False,True,1,False,3.58749999986685,45.226499999898806,3.7673000001632317,54.73910000000615
260719,31,7,1,20,8,7,1000,191,True,False,7,1000,191,True,False,0,0,0,68.94538566433573,False,False,True,1,False,5.669000000125379,40.57719999991605,1.6308999997818319,49.5413999997254
260719,32,23,1,20,9,23,1000,41,True,False,23,1000,41,True,False,0,0,0,222.08056956201688,False,False,True,1,False,3.029200000128185,40.75369999964096,1.7753000001903274,47.79720000033194
260719,33,0 7,2,20,12,1 3 23,1000,223,False,False,1 3 23,1000,223,False,False,0,0,0,44.804971255060764,False,False,True,1,False,2.9260000001158915,37.87340000008044,2.192799999647832,44.65859999982058
260719,34,12,1,20,8,12,1000,41,True,False,12,1000,41,True,False,0,0,0,143.39425859403752,False,False,True,1,False,3.5320000001775043,38.93329999982598,2.2197999996933504,46.73339999999371
260719,35,8 20,2,20,7,0 17,1000,57,False,False,0 17,1000,57,False,False,0,0,0,98.42105263157896,False,False,False,0,False,3.0426999996961968,38.093900000149006,1.495999999860942,44.271300000218616
260719,36,7 8,2,20,11,2 16 18,1000,223,False,False,2 16 18,1000,223,False,False,0,0,0,27.96286599190273,False,False,True,1,False,3.2445000001644075,38.27430000001186,2.8078000000277825,45.94489999999496
260719,37,9,1,20,10,9,1000,191,True,False,9,1000,191,True,False,0,0,0,44.07457226720646,False,False,True,1,False,3.034800000023097,39.133400000082474,1.9459000000097149,45.778100000006816
260719,38,11,1,20,10,11,1000,41,True,False,11,1000,41,True,False,0,0,0,189.13415807876333,False,False,True,1,False,3.412699999898905,46.483099999932165,2.6762000002236164,54.528099999970436
260719,39,4,1,20,6,4,1000,41,True,False,4,1000,41,True,False,0,0,0,175.4927223960251,False,False,False,0,False,3.128600000309234,46.659900000122434,1.2903000001642795,52.69080000016402
260720,0,4 17,2,20,10,4 17,1000,207,True,False,4 17,1000,207,True,False,0,0,0,10.744593577475143,True,False,True,2,True,3.095399999892834,41.942699999708566,1.9305000000713335,48.634600000241335
260720,1,14,1,20,13,14,1000,41,True,False,14,1000,41,True,False,0,0,0,102.07233989694521,False,False,True,1,False,3.372299999682582,55.08800000006886,3.6777999998776068,64.03829999999289
260720,2,12 21,2,20,10,12 21,1000,207,True,False,12 21,1000,207,True,False,0,0,0,43.14538056680158,False,False,True,1,False,3.7946000002193614,41.753200000130164,2.240799999981391,49.594900000101916
260720,3,19,1,20,12,19,1000,41,True,False,19,1000,41,True,False,0,0,0,84.95925128818544,False,False,True,1,False,3.369999999904394,39.61939999999231,2.5887000001603155,47.27899999988949
260720,4,18 22,2,20,15,18 22,1000,57,True,False,18 22,1000,57,True,False,0,0,0,71.05263157894728,False,False,True,1,False,3.701100000398583,41.11240000020189,2.808000000186439,49.38480000009804
260720,5,8,1,20,11,8,1000,191,True,False,8,1000,191,True,False,0,0,0,89.74201494295176,False,False,True,1,False,3.7726000000475324,46.332299999903626,2.523900000142021,55.25260000013077
260720,6,4 20,2,20,7,1 11 12,1000,373,False,False,4 20,921,57,True,False,316,1,0,80.23670311004787,False,False,False,0,False,3.1905999999253254,38.166499999988446,1.560700000027282,44.61910000009084
260720,7,15 20,2,20,10,2 6,1000,207,False,False,2 6,1000,207,False,False,0,0,0,87.89473684210532,False,False,True,1,False,3.839699999844015,41.9555999997101,2.574099999947066,50.2172999999857
260720,8,3 8,2,20,15,4 16,1000,57,False,False,4 16,1000,57,False,False,0,0,0,16.315789473684163,True,True,True,3,True,4.746500000237575,39.79159999971671,2.655100000083621,48.86530000021594
260720,9,19,1,20,12,19,1000,41,True,False,19,1000,41,True,False,0,0,0,77.46690679057781,False,False,True,1,False,4.112000000077387,37.642199999936565,2.2281999999904656,45.53840000016862
260720,10,7 8,2,20,15,7 8,1000,207,True,False,1 3,906,57,False,False,150,-1,0,11.591461538461544,True,False,True,2,True,3.358500000103959,42.36209999999119,2.747800000179268,50.165499999820895
260720,11,0 16,2,20,9,0 16,1000,207,True,False,3 5,940,57,False,False,150,-1,0,29.486198380566748,False,True,True,2,True,3.4158999997089268,39.17689999980212,1.783400000022084,45.99770000004355
260720,12,2,1,20,8,2,1000,41,True,False,2,1000,41,True,False,0,0,0,257.2391338792786,False,False,True,1,False,3.8918000000194297,41.36870000002091,1.6074999998636486,48.48039999978937
260720,13,4,1,20,8,4,1000,41,True,False,4,1000,41,True,False,0,0,0,155.4352107103423,False,False,True,1,False,3.322900000057416,41.36400000015783,1.828799999657349,48.709799999869574
260720,14,1 11,2,20,11,7 9 15,1000,223,False,False,2 9,905,57,False,False,166,0,0,22.19960060728738,True,False,True,2,True,7.45199999983015,43.7870999999177,2.0473999998102954,54.90940000026967
260720,15,0,1,20,6,0,1000,191,True,False,0,1000,191,True,False,0,0,0,60.39773016194329,False,False,False,0,False,3.230700000131037,37.54530000014711,1.3960000001134176,44.581099999959406
260720,16,1,1,20,12,1,1000,41,True,False,1,1000,41,True,False,0,0,0,113.51226564225249,False,False,True,1,False,3.241100000195729,39.530500000182656,2.2110999998403713,46.59280000032595
260720,17,21 23,2,20,11,3 12 17,1000,373,False,False,21 23,923,57,True,False,316,1,0,81.28665526315797,False,False,True,1,False,3.8215999998101324,39.11240000024918,2.227200000106677,46.86760000004142
260720,18,13 21,2,20,10,13 21,1000,57,True,False,13 21,1000,57,True,False,0,0,0,149.58945706661768,False,False,True,1,False,3.4113000001525506,41.61150000027192,1.993400000174006,48.677799999950366
260720,19,18,1,20,11,18,1000,41,True,False,18,1000,41,True,False,0,0,0,181.52334440559434,False,False,True,1,False,3.251099999943108,42.30399999960355,2.2981000001891516,49.62149999983012
260720,20,21,1,20,10,21,1000,41,True,False,21,1000,41,True,False,0,0,0,120.7431530180346,False,False,True,1,False,3.4986999999091495,39.04670000019905,1.9877999998243467,46.21960000031322
260720,21,22,1,20,15,22,1000,41,True,False,22,1000,41,True,False,0,0,0,76.54757664703709,False,False,True,1,False,3.3733999998730724,39.3527000001086,2.938900000117428,47.4779999999555
260720,22,1 3,2,20,15,17 19,1000,207,False,False,1 3,902,57,True,False,150,1,0,9.486198380566861,True,True,True,3,True,3.756500000235974,41.39859999986584,2.987300000313553,51.075699999728386
260720,23,12,1,20,10,12,1000,191,True,False,12,1000,191,True,False,0,0,0,96.33122298490991,False,False,True,1,False,4.796900000201276,43.538599999919825,2.163699999982782,52.27259999992384
260720,24,10 23,2,20,15,12 19,1000,207,False,False,12 19,1000,207,False,False,0,0,0,102.36928739418477,False,False,True,1,False,3.69700000010198,51.588599999831786,3.649000000223168,60.728199999630306
260720,25,10 15,2,20,11,10 15,1000,357,True,False,10 15,1000,357,True,False,0,0,0,11.416251012145835,True,False,True,2,True,3.4514000003582623,40.72679999990214,2.5986000000557397,48.45980000027339
260720,26,14,1,20,13,14,1000,41,True,False,14,1000,41,True,False,0,0,0,81.72030391976443,False,False,True,1,False,3.423900000143476,44.78339999968739,2.6026000000456406,53.65860000028988
260720,27,1,1,20,12,1,1000,41,True,False,1,1000,41,True,False,0,0,0,77.09264841737206,False,False,True,1,False,3.410599999824626,40.08099999964543,2.7663000000757165,48.32040000019333
260720,28,1 10,2,20,10,21,1000,41,False,True,21,1000,41,False,True,0,0,0,175.54229177401544,False,False,True,1,False,3.4623999999894295,42.548400000214315,1.8240999997942708,50.2307000001565
260720,29,17,1,20,9,17,1000,191,True,False,17,1000,191,True,False,0,0,0,139.3464382959146,False,False,True,1,False,3.0394000000342203,39.58710000006249,2.00700000004872,46.38040000008914
260720,30,19,1,20,12,14 22,1000,57,False,False,19,992,41,True,False,16,1,0,7.955710618329022,True,True,True,3,True,4.337800000030256,39.73499999983687,2.2985000000517175,48.071100000015576
260720,31,2,1,20,8,7 15,1000,207,False,True,2,913,41,True,False,166,1,1,27.53501904674272,False,False,True,1,False,3.961799999615323,41.92890000012994,1.9164000000273518,49.71549999982017
260720,32,3 10,2,20,13,3 10,1000,207,True,False,3 10,1000,207,True,False,0,0,0,19.73215338608759,True,False,True,2,True,4.856500000187225,50.310000000081345,2.799899999899935,60.27300000005198
260720,33,5 7,2,20,10,12,1000,191,False,True,12,1000,191,False,True,0,0,0,103.5375387743835,False,False,True,1,False,3.9848999999776424,61.78399999998874,4.904500000066037,73.99000000032174
260720,34,4 22,2,20,7,4 22,1000,57,True,False,4 22,1000,57,True,False,0,0,0,131.0651457489878,False,False,False,0,False,5.326699999841367,63.556099999914295,2.0557999996526632,73.05369999994582
260720,35,22,1,20,15,22,1000,41,True,False,22,1000,41,True,False,0,0,0,142.96306242178878,False,False,True,1,False,4.539499999737018,46.877499999936845,4.464499999812688,58.37810000002719
260720,36,17,1,20,9,17,1000,191,True,False,17,1000,191,True,False,0,0,0,86.78184499447923,False,False,True,1,False,5.797300000267569,44.07139999966603,2.242500000193104,53.991299999779585
260720,37,9,1,20,10,9,1000,41,True,False,9,1000,41,True,False,0,0,0,167.15494506808977,False,False,True,1,False,3.8607999999840104,43.71799999989889,2.376200000071549,53.013700000065
260720,38,14,1,20,13,14,1000,41,True,False,14,1000,41,True,False,0,0,0,145.675806312109,False,False,True,1,False,3.6398999995981285,49.202900000182126,2.5182000003951543,57.10629999975936
260720,39,0 21,2,20,5,0 21,1000,207,True,False,0 21,1000,207,True,False,0,0,0,159.2432320022083,False,False,False,0,False,3.247099999953207,41.47400000010748,1.3207000001784763,47.76159999983065
260721,0,19,1,20,11,19,1000,191,True,False,19,1000,191,True,False,0,0,0,74.54584751564221,False,False,True,1,False,3.888499999902706,41.869799999858515,2.1575999999186024,49.6672999997827
260721,1,15,1,20,10,15,1000,41,True,False,15,1000,41,True,False,0,0,0,170.7492776959882,False,False,True,1,False,3.4706999999798427,41.14799999979368,1.9858999999087246,48.31400000011854
260721,2,3 7,2,20,14,3 7,1000,207,True,False,3 7,1000,207,True,False,0,0,0,16.32124911667279,True,True,True,3,True,3.37760000002163,39.65929999958462,2.648299999691517,47.8144999997312
260721,3,1 10,2,20,13,0 3,1000,207,False,False,0 3,1000,207,False,False,0,0,0,34.38258400809718,False,False,True,1,False,3.35640000002968,42.322300000250834,2.5147999999717285,50.032699999974284
260721,4,4 16,2,20,10,4 16,1000,57,True,False,4 16,1000,57,True,False,0,0,0,104.83251926757453,False,False,True,1,False,3.4372000000075786,38.413199999922654,2.3871000003055087,45.84999999997308
260721,5,3 13,2,20,8,3 13,1000,207,True,False,3 13,1000,207,True,False,0,0,0,4.736842105263236,True,True,True,3,True,3.3653999998932704,38.714299999810464,1.6331000001628126,45.34630000034667
260721,6,22,1,20,10,22,1000,41,True,False,22,1000,41,True,False,0,0,0,159.9820049687155,False,False,True,1,False,4.529299999830982,59.684199999992416,2.0423000000846514,67.97530000039842
260721,7,20,1,20,8,20,1000,41,True,False,20,1000,41,True,False,0,0,0,23.232935498711754,True,True,True,3,True,3.936399999929563,38.91310000017256,1.6676999998708197,46.17319999988467
260721,8,14 19,2,20,13,14 19,1000,357,True,False,0 7,794,57,False,False,300,-1,0,3.3205910931174003,True,False,True,2,True,3.695599999900878,38.03180000022621,2.365299999837589,45.71369999985109
260721,9,11 20,2,20,11,11 20,1000,57,True,False,11 20,1000,57,True,False,0,0,0,86.59213167096061,False,False,True,1,False,3.3735000001797744,46.156299999893236,2.2334000000228116,53.4827999999834
260721,10,2 19,2,20,9,2 19,1000,357,True,False,4 7,901,57,False,False,300,-1,0,59.63638056680156,False,False,True,1,False,3.5793000001831388,40.31860000031884,1.8082999999933236,47.490400000242516
260721,11,11 21,2,20,13,11 21,1000,57,True,False,11 21,1000,57,True,False,0,0,0,195.0480168384247,False,False,True,1,False,3.3606000001782377,37.600799999836454,2.394500000264088,45.60129999981655
260721,12,6 19,2,20,8,6 19,1000,207,True,False,4 12 13,923,73,False,False,134,-1,0,8.307272451232961,True,False,True,2,True,3.3770000000004075,38.25749999987238,1.6454999999950815,44.856699999854754
260721,13,16,1,20,10,16,1000,41,True,False,16,1000,41,True,False,0,0,0,165.40439731321317,False,False,True,1,False,3.9248000002771732,43.06019999967248,3.6264999998820713,53.45360000001165
260721,14,21,1,20,8,21,1000,41,True,False,21,1000,41,True,False,0,0,0,199.89705033124767,False,False,True,1,False,3.679299999930663,49.56040000024586,1.714300000003277,56.735200000275654
260721,15,5,1,20,7,5,1000,191,True,False,5,1000,191,True,False,0,0,0,164.37089260213475,False,False,False,0,False,3.6264000000301166,39.05770000028497,1.555399999688234,45.99529999995866
260721,16,5 22,2,20,6,5 22,1000,207,True,False,5 22,1000,207,True,False,0,0,0,129.27349309900626,False,False,False,0,False,3.2695999998395564,37.70389999999679,1.2707999999292952,43.68169999997917
260721,17,20 23,2,20,8,20 23,1000,57,True,False,20 23,1000,57,True,False,0,0,0,77.38093522267206,False,True,True,2,True,3.8503999999193184,40.36839999980657,1.6258000000561879,47.43479999979172
260721,18,1 18,2,20,11,7,1000,41,False,True,7,1000,41,False,True,0,0,0,114.35033005152741,False,False,True,1,False,3.906399999777932,41.58920000008948,2.0586000000548665,49.1821999999047
260721,19,8 13,2,20,11,7,1000,41,False,False,7,1000,41,False,False,0,0,0,59.086045546558694,False,False,True,1,False,3.3970000004046597,39.0268000001015,2.2266000000854547,46.360899999854155
260721,20,7,1,20,11,7,1000,41,True,False,7,1000,41,True,False,0,0,0,176.69896420684574,False,False,True,1,False,3.538399999797548,43.40229999979783,2.3037000000840635,51.05060000005324
260721,21,8 18,2,20,13,8 18,1000,57,True,False,8 18,1000,57,True,False,0,0,0,78.42105263157896,False,False,True,1,False,4.128300000047602,48.800999999912165,2.437600000121165,57.0399000002908
260721,22,21,1,20,8,21,1000,41,True,False,21,1000,41,True,False,0,0,0,202.17178717335298,False,False,True,1,False,3.896499999882508,43.345699999918,2.0179000002826797,51.05550000007497
260721,23,11,1,20,12,11,1000,41,True,False,11,1000,41,True,False,0,0,0,104.46910774751564,False,False,True,1,False,4.212099999676866,49.54070000030697,2.3246999999173568,57.837800000015704
260721,24,8,1,20,13,7 13,1000,57,False,False,7 13,1000,57,False,False,0,0,0,3.086873113728302,True,True,True,3,True,3.6041000003024237,44.20640000034837,2.4931999996624654,51.99170000014419
260721,25,20,1,20,8,20,1000,41,True,False,20,1000,41,True,False,0,0,0,203.1138924365108,False,False,True,1,False,3.3564999998816347,40.74189999982991,1.7136999999820546,47.568999999839434
260721,26,3 8,2,20,9,14,1000,191,False,True,14,1000,191,False,True,0,0,0,23.855985958778092,True,False,True,2,True,3.5594000000855885,41.78809999984878,1.8909999998868443,48.96339999959309
260721,27,11,1,20,12,11,1000,41,True,False,11,1000,41,True,False,0,0,0,128.2899689915348,False,False,True,1,False,3.651100000297447,44.11049999998795,2.484000000094966,52.14849999993021
260721,28,1,1,20,13,1,1000,191,True,False,1,1000,191,True,False,0,0,0,75.76404595141696,False,False,True,1,False,3.686200000174722,48.09889999978623,2.490400000169757,55.92889999979889
260721,29,3,1,20,10,3,1000,191,True,False,3,1000,191,True,False,0,0,0,111.43541179609872,False,False,True,1,False,4.455199999938486,47.952100000202336,2.2165999998833286,56.569600000329956
260721,30,5 6,2,20,12,5 6,1000,207,True,False,5 6,1000,207,True,False,0,0,0,72.10526315789468,False,False,True,1,False,3.8357000003088615,41.03339999983291,2.2677000001749548,48.972799999774
260721,31,13 16,2,20,8,13 16,1000,57,True,False,13 16,1000,57,True,False,0,0,0,66.32830364372467,False,True,True,2,True,3.3540999997967447,38.32120000015493,1.7562000002726563,45.134800000141695
260721,32,11,1,20,12,11,1000,41,True,False,11,1000,41,True,False,0,0,0,66.52346181450139,False,False,True,1,False,3.86930000013308,38.51409999970201,2.133500000127242,46.10069999989719
260721,33,8 15,2,20,9,8 15,1000,57,True,False,8 15,1000,57,True,False,0,0,0,57.01327999631951,False,False,True,1,False,3.121299999747862,38.85919999993348,1.67669999973441,45.213999999759835
260721,34,0 4,2,20,11,0 4,1000,57,True,False,0 4,1000,57,True,False,0,0,0,178.1161508097166,False,False,True,1,False,3.2457000002068526,37.2205000003305,2.962799999750132,45.06489999994301
260721,35,7 23,2,20,12,7 23,1000,57,True,False,7 23,1000,57,True,False,0,0,0,155.49852129186604,False,False,True,1,False,3.3014999999068095,41.37670000000071,2.9085000001032313,49.366100000042934
260721,36,16,1,20,10,16,1000,41,True,False,16,1000,41,True,False,0,0,0,142.97779926389398,False,False,True,1,False,3.432299999985844,40.40820000000167,1.9564999997783161,47.51739999983329
260721,37,21,1,20,8,21,1000,41,True,False,21,1000,41,True,False,0,0,0,226.75176573426563,False,False,True,1,False,3.754100000151084,39.39040000022942,1.6508000003341294,46.5171000000737
260721,38,15,1,20,10,15,1000,41,True,False,15,1000,41,True,False,0,0,0,144.21913415531833,False,False,True,1,False,3.3545999999660125,41.66520000035234,2.0363000003271736,48.76960000001418
260721,39,4 6,2,20,13,4 6,1000,57,True,False,4 6,1000,57,True,False,0,0,0,93.92839961354434,False,False,True,1,False,3.570800000034069,42.27569999966363,2.4499000001014792,49.96600000004037
260722,0,15 17,2,20,13,6 12,1000,207,False,False,6 12,1000,207,False,False,0,0,0,10.526315789473642,True,True,True,3,True,3.3422999999856984,46.03980000001684,3.1607000000803964,54.55519999986791
260722,1,12,1,20,12,12,1000,191,True,False,12,1000,191,True,False,0,0,0,95.81685230033133,False,False,True,1,False,4.644900000130292,49.97689999981958,2.332600000045204,58.77580000014859
260722,2,8,1,20,15,8,1000,41,True,False,8,1000,41,True,False,0,0,0,160.86327042694143,False,False,True,1,False,3.2315999997081235,43.64759999998569,5.070599999726255,54.390199999943434
260722,3,3 13,2,20,11,6 11 13,1000,73,False,False,6 11 13,1000,73,False,False,0,0,0,4.6185860323886345,True,False,True,2,True,5.782700000054319,38.60450000001947,2.2718000000168104,48.4574000001885
260722,4,3,1,20,9,3,1000,41,True,False,3,1000,41,True,False,0,0,0,104.0673852594773,False,False,True,1,False,3.5662999998749,47.5826999995661,2.2803999995630875,55.18549999987954
260722,5,21,1,20,4,21,1000,41,True,False,21,1000,41,True,False,0,0,0,150.63004806772176,False,True,False,1,False,4.070700000283978,42.1384000001126,1.1563000002752233,49.0749999999025
260722,6,15,1,20,16,15,1000,191,True,False,1 14,925,57,False,True,134,-1,-1,10.280643043798364,True,False,True,2,True,4.426899999998568,49.52849999972386,3.401099999791768,59.33350000032078
260722,7,2,1,20,12,2,1000,191,True,False,2,1000,191,True,False,0,0,0,73.4388567721752,False,False,True,1,False,3.875800000059826,52.55189999979848,2.523799999835319,60.81130000029589
260722,8,22,1,20,14,22,1000,191,True,False,22,1000,191,True,False,0,0,0,104.03751705925652,False,False,True,1,False,3.3077000002776913,41.874100000313774,3.2690000002730812,50.21790000000692
260722,9,0,1,20,8,0,1000,191,True,False,0,1000,191,True,False,0,0,0,139.9765030732425,False,False,True,1,False,3.55360000003202,42.34099999985119,1.7890999997689505,49.98609999984183
260722,10,15,1,20,16,15,1000,191,True,False,15,1000,191,True,False,0,0,0,21.39476365476628,True,False,True,2,True,3.297000000202388,39.89700000010998,3.176900000198657,48.08789999970031
260722,11,7,1,20,12,7,1000,41,True,False,7,1000,41,True,False,0,0,0,41.678772819285996,False,False,True,1,False,3.38850000025559,39.88939999999275,2.2386000000551576,47.14460000013787
260722,12,18 20,2,20,16,15,1000,191,False,True,18 20,987,57,True,False,134,1,1,43.004662182554284,False,True,True,2,True,3.9397000000462867,46.812100000352075,2.905699999701028,56.005000000368454
260722,13,9,1,20,3,9,1000,41,True,False,9,1000,41,True,False,0,0,0,241.35597626058143,False,False,False,0,False,3.382299999884708,41.18100000005143,0.9643999997024366,48.10989999987214
260722,14,14 15,2,20,11,14 15,1000,207,True,False,1,993,41,False,True,166,-1,-1,69.5424831615752,False,True,True,2,True,3.4243999998579966,40.65579999996771,2.8680999998869083,48.675900000034744
260722,15,22,1,20,14,18 19,1000,207,False,True,18 19,1000,207,False,True,0,0,0,7.157124089068816,True,False,True,2,True,3.566699999737466,40.11549999995623,2.619499999582331,47.97929999995176
260722,16,9 23,2,20,9,5 14 22,1000,373,False,False,6 13,861,57,False,False,316,0,0,48.73478923444986,False,False,True,1,False,3.672199999982695,38.882700000158366,1.6921000001275388,45.78780000019833
260722,17,4 6,2,20,15,3 5,1000,207,False,False,4 6,888,57,True,False,150,1,0,2.1177773279353005,True,True,True,3,True,3.106200000274839,40.82490000018879,3.1961999998202373,49.09600000019054
260722,18,15 18,2,20,14,20,1000,41,False,True,20,1000,41,False,True,0,0,0,163.40353579315422,False,False,True,1,False,4.116500000236556,44.202600000062375,2.7576999996199447,52.879899999879854
260722,19,17,1,20,11,17,1000,41,True,False,17,1000,41,True,False,0,0,0,195.2613565513434,False,False,True,1,False,3.8540000000466534,42.49550000031377,2.307499999915308,50.48880000003919
260722,20,4,1,20,10,3 8 22,1000,223,False,False,4,995,41,True,False,182,1,0,24.26547138387923,True,True,True,3,True,4.237900000134687,43.45469999998386,2.1397000000433763,51.60829999977068
260722,21,0 8,2,20,11,0 8,1000,207,True,False,0 8,1000,207,True,False,0,0,0,44.87071797938904,False,False,True,1,False,3.8442999998551386,51.428599999781,2.153699999780656,59.09449999990102
260722,22,2 3,2,20,9,2 3,1000,207,True,False,2 3,1000,207,True,False,0,0,0,128.18591142804564,False,False,True,1,False,3.466600000137987,46.78979999971489,2.00570000015432,54.08299999999144
260722,23,10 20,2,20,13,14,1000,41,False,True,14,1000,41,False,True,0,0,0,149.75035176665438,False,False,True,1,False,3.680199999962497,51.81690000017625,2.6396999996904924,59.95789999997214
260722,24,21 23,2,20,15,3 15,1000,207,False,False,3 15,1000,207,False,False,0,0,0,40.725167740154575,False,False,True,1,False,3.640999999788619,44.26339999963602,3.0851999999867985,52.946000000247295
260722,25,10,1,20,13,10,1000,191,True,False,10,1000,191,True,False,0,0,0,58.84825647773289,False,False,True,1,False,3.7285999997038743,43.29479999978503,2.3861999998189276,51.06759999989663
260722,26,11 15,2,20,18,12 22,1000,357,False,False,7 20,864,57,False,False,300,0,0,40.16269635627532,False,False,True,1,False,3.316200000426761,39.70600000002378,3.3890000004248577,48.12020000008488
260722,27,17,1,20,11,17,1000,41,True,False,17,1000,41,True,False,0,0,0,161.8406649797571,False,False,True,1,False,3.5224000002926914,41.50260000005801,2.4136000001817592,49.18709999992643
260722,28,7,1,20,12,7,1000,41,True,False,7,1000,41,True,False,0,0,0,172.3048972211999,False,False,True,1,False,3.566000000319036,39.17880000017249,2.359399999932066,47.40230000015799
260722,29,12 23,2,20,6,12 23,1000,207,True,False,12 23,1000,207,True,False,0,0,0,123.0133017114465,False,False,False,0,False,3.3257999998568266,42.44030000018029,2.753199999915523,51.784399999633024
260722,30,11,1,20,14,11,1000,41,True,False,11,1000,41,True,False,0,0,0,123.99638047478834,False,False,True,1,False,9.040299999924173,46.10569999977088,2.7706999999281834,59.69009999989794
260722,31,15,1,20,16,15,1000,191,True,False,15,1000,191,True,False,0,0,0,86.68806509017304,False,False,True,1,False,3.9761000002727087,40.30869999996867,2.9107000000294647,49.46670000026643
260722,32,5,1,20,8,5,1000,191,True,False,5,1000,191,True,False,0,0,0,97.31017035333082,False,False,True,1,False,3.7921000002825167,40.0496999995994,1.7555999997966865,47.27899999988949
260722,33,7 21,2,20,6,2 9,1000,207,False,False,7 21,986,57,True,False,150,1,0,53.69672469635634,False,True,False,1,False,3.453699999681703,49.68860000008135,1.5391000001727662,57.82739999995101
260722,34,10,1,20,13,10,1000,191,True,False,10,1000,191,True,False,0,0,0,17.760122506440894,True,False,True,2,True,6.608000000142056,50.81769999969765,2.6342000001022825,61.85920000007172
260722,35,3,1,20,9,3,1000,41,True,False,3,1000,41,True,False,0,0,0,108.18078238866394,False,False,True,1,False,4.585399999996298,42.37900000043737,2.073099999961414,50.85719999988214
260722,36,8 13,2,20,13,14,1000,41,False,False,14,1000,41,False,False,0,0,0,26.924514446080252,False,True,True,2,True,4.3707999998332525,41.7210000000523,2.7608000000327593,50.80730000008771
260722,37,6 20,2,20,13,4 7 16,1000,73,False,False,4 7 16,1000,73,False,False,0,0,0,6.733227180714039,True,True,True,3,True,3.671299999950861,42.202999999972235,3.0305000000225846,50.63689999997223
260722,38,15 19,2,20,14,15 19,1000,357,True,False,7 12,975,207,False,False,150,-1,0,37.518603238866376,False,False,True,1,False,3.4350999999333,48.21929999980057,2.8744000001097447,56.425900000249385
260722,39,1,1,20,11,1,1000,41,True,False,1,1000,41,True,False,0,0,0,129.6784640228193,False,False,True,1,False,3.6946000000170898,43.993199999931676,2.322999999705644,51.86169999979029
260723,0,7 9,2,20,8,7 9,1000,57,True,False,7 9,1000,57,True,False,0,0,0,176.06368875598093,False,False,True,1,False,3.4707999998317973,46.75360000010187,1.7182000001412234,53.59339999995427
260723,1,11,1,20,8,11,1000,191,True,False,11,1000,191,True,False,0,0,0,70.19330680898054,False,False,True,1,False,5.022400000143534,41.451600000073086,1.7979999997805862,49.894200000380806
260723,2,2 3,2,20,14,9 23,1000,207,False,False,9 14 17,916,73,False,False,134,0,0,4.61971264262047,True,False,True,2,True,3.8348000002770277,40.19110000035653,2.681399999801215,48.36669999986043
260723,3,1 22,2,20,8,2 13,1000,207,False,False,2 13,1000,207,False,False,0,0,0,88.42105263157896,False,False,True,1,False,2.9838000000381726,42.176300000392075,1.7658000001574692,48.71430000002874
260723,4,21,1,20,8,21,1000,41,True,False,21,1000,41,True,False,0,0,0,94.3342534965035,False,False,True,1,False,3.483800000140036,42.82789999979286,1.8371999999544641,50.081500000032975
260723,5,0 6,2,20,8,0 6,1000,57,True,False,0 6,1000,57,True,False,0,0,0,93.77969147957299,False,True,True,2,True,3.435399999943911,53.23230000021795,1.982600000246748,61.95579999985057
260723,6,1,1,20,10,1,1000,41,True,False,1,1000,41,True,False,0,0,0,139.70190899889587,False,False,True,1,False,3.696100000070146,52.24420000013197,2.349800000047253,60.043299999961164
260723,7,10 19,2,20,6,10 19,1000,207,True,False,10 19,1000,207,True,False,0,0,0,57.10794285977181,False,False,False,0,False,3.2377000002270506,41.29940000029819,1.339899999948102,47.53449999998338
260723,8,1,1,20,10,1,1000,41,True,False,1,1000,41,True,False,0,0,0,152.44076577107103,False,False,True,1,False,3.534500000114349,42.04350000009072,2.1126000001459033,49.4619999999486
260723,9,2 3,2,20,14,2 3,1000,357,True,False,9 23,943,207,False,False,150,-1,0,16.96191415163787,True,False,True,2,True,4.075700000157667,53.20320000009815,2.8246000001672655,62.12080000022979
260723,10,6,1,20,8,6,1000,41,True,False,6,1000,41,True,False,0,0,0,185.14592813765182,False,False,True,1,False,3.7572999999611056,49.74240000001373,2.1994999997332343,57.51490000011472
260723,11,17,1,20,12,3 15,1000,357,False,True,17,998,41,True,False,316,1,1,105.85492335296283,False,True,True,2,True,3.800999999839405,44.12350000029619,2.3564000002807006,52.67650000041613
260723,12,3 7,2,20,13,3 7,1000,207,True,False,3 7,1000,207,True,False,0,0,0,62.76210553919759,False,False,True,1,False,3.189999999904103,39.33710000001156,2.6505000000724976,46.95449999962875
260723,13,0 10,2,20,7,0 10,1000,207,True,False,7 17,928,57,False,False,150,-1,0,23.170408906882585,True,False,False,1,False,3.5186000000066997,40.98709999971106,1.5484000000469678,47.78209999994942
260723,14,4 20,2,20,9,4 20,1000,57,True,False,4 20,1000,57,True,False,0,0,0,190.33327999631945,False,False,True,1,False,3.669699999591103,42.08779999999024,1.849199999924167,49.25229999980729
260723,15,2,1,20,10,2,1000,191,True,False,2,1000,191,True,False,0,0,0,102.17819201324994,False,False,True,1,False,3.6830000003647,43.42099999985294,4.123099999560509,53.64060000010795
260723,16,1 16,2,20,7,10 11,1000,357,False,False,1 16,950,57,True,False,300,1,0,85.4258542510122,False,False,False,0,False,6.1836999998377,45.12810000005629,1.4771000001019274,54.411500000242086
260723,17,19 23,2,20,9,19 23,1000,207,True,False,19 23,1000,207,True,False,0,0,0,31.25483281192487,False,False,True,1,False,3.151199999592791,39.85640000018975,2.456699999584089,47.49039999978777
260723,18,5 18,2,20,11,5 18,1000,207,True,False,5 18,1000,207,True,False,0,0,0,76.84210526315792,False,False,True,1,False,3.2949000001281092,39.54879999992045,2.0939999999427528,46.55140000022584
260723,19,15 16,2,20,6,15 16,1000,207,True,False,15 16,1000,207,True,False,0,0,0,86.49675150901726,False,False,False,0,False,3.627099999903294,52.5497999997242,2.444400000058522,61.3800999999512
260723,20,8 11,2,20,5,8 11,1000,207,True,False,8 11,1000,207,True,False,0,0,0,71.56643319838065,False,False,False,0,False,5.04640000008294,77.33509999980015,2.2745999999642663,88.140199999998
260723,21,3,1,20,7,3,1000,191,True,False,3,1000,191,True,False,0,0,0,156.52325868605078,False,False,False,0,False,6.370900000092661,53.79349999975602,1.9285000003037567,64.07119999994393
260723,22,18,1,20,11,18,1000,41,True,False,18,1000,41,True,False,0,0,0,242.07922984909828,False,False,True,1,False,3.942400000141788,48.899899999923946,2.3065000000315194,57.411100000081206
260723,23,9 10,2,20,6,9 10,1000,207,True,False,9 10,1000,207,True,False,0,0,0,109.17321083916079,False,False,False,0,False,3.3582000000933476,40.77540000025692,2.416400000129215,48.510199999782344
260723,24,18,1,20,11,18,1000,41,True,False,18,1000,41,True,False,0,0,0,177.0798040117777,False,False,True,1,False,3.439099999923201,45.8849999999984,2.343799999835028,53.37860000008732
260723,25,2,1,20,10,2,1000,191,True,False,2,1000,191,True,False,0,0,0,175.4914886271623,False,False,True,1,False,3.243200000270008,42.7095999998528,2.416399999674468,50.4001999997854
260723,26,8,1,20,9,8,1000,41,True,False,8,1000,41,True,False,0,0,0,204.4604786897313,False,False,True,1,False,3.849700000046141,42.7666999999019,1.8206999998255924,50.12989999977435
260723,27,19 20,2,20,6,19 20,1000,57,True,False,19 20,1000,57,True,False,0,0,0,77.38093522267206,False,True,False,1,False,3.135800000109157,42.044499999974505,1.2707999999292952,48.06170000028942
260723,28,10,1,20,9,10,1000,191,True,False,10,1000,191,True,False,0,0,0,151.3169431726169,False,False,True,1,False,3.0563999998776126,39.20240000024933,2.2017999999661697,46.21809999980542
260723,29,5 22,2,20,8,5 22,1000,207,True,False,5 22,1000,207,True,False,0,0,0,92.09274898785429,False,False,True,1,False,3.6259999997128034,43.36469999998371,2.4831999999150867,51.34159999988697
260723,30,5 7,2,20,4,5 7,1000,207,True,False,5 7,1000,207,True,False,0,0,0,188.26160520794997,False,False,False,0,False,3.665700000055949,46.147100000325736,1.0716000001593784,52.70190000010189
260723,31,19,1,20,5,19,1000,41,True,False,19,1000,41,True,False,0,0,0,160.48554563857203,False,False,False,0,False,3.5797999998976593,48.20900000004258,1.3189999999667634,54.82900000015434
260723,32,4,1,20,7,4,1000,41,True,False,4,1000,41,True,False,0,0,0,142.93571061832904,False,False,False,0,False,3.4684000002016546,49.83880000008867,1.5492999996240542,56.55539999997927
260723,33,15 18,2,20,8,15 18,1000,207,True,False,15 18,1000,207,True,False,0,0,0,40.59139265734268,False,False,True,1,False,3.629900000305497,40.137099999810744,1.6131000002133078,47.05579999972542
260723,34,23,1,20,9,23,1000,191,True,False,23,1000,191,True,False,0,0,0,6.572849779168109,True,False,True,2,True,3.1738000002405897,43.961700000181736,2.630299999964336,51.6392999998061
260723,35,14,1,20,9,14,1000,41,True,False,14,1000,41,True,False,0,0,0,146.13836860507922,False,False,True,1,False,4.264899999725458,41.34990000011385,2.0246999997652892,49.465000000054715
260723,36,11,1,20,8,11,1000,191,True,False,11,1000,191,True,False,0,0,0,77.63809149797567,False,False,True,1,False,4.089399999884336,44.46270000016739,1.6550999998798943,51.83850000003076
260723,37,1 19,2,20,7,0 5,1000,207,False,False,0 5,1000,207,False,False,0,0,0,20.51380161943314,True,False,False,1,False,3.676899999845773,41.29330000023401,2.0054999999956635,48.70400000027075
260723,38,6 19,2,20,6,6 19,1000,57,True,False,6 19,1000,57,True,False,0,0,0,143.28639486566067,False,False,False,0,False,4.130700000132492,45.61469999998735,2.1756000001005305,53.57389999971929
260723,39,0 5,2,20,7,0 5,1000,207,True,False,0 5,1000,207,True,False,0,0,0,6.829591093117415,True,False,False,1,False,3.2141000001502107,40.89160000012271,1.6215000000556756,47.47840000027281
260724,0,15 21,2,20,9,15 21,1000,357,True,False,15 21,1000,357,True,False,0,0,0,45.929243927125526,False,False,True,1,False,4.011800000171206,43.961899999885645,2.3678999996263883,52.55239999996775
260724,1,9,1,20,9,9,1000,41,True,False,9,1000,41,True,False,0,0,0,117.7154235369893,False,False,True,1,False,4.169199999978446,39.21250000030341,2.5187999999616295,47.528500000225904
260724,2,5 9,2,20,11,7 9 16,1000,223,False,True,5 9,970,57,True,False,166,1,1,5.889643632683146,True,True,True,3,True,3.439799999796378,40.52879999971992,2.091100000143342,47.821099999964645
260724,3,11 16,2,20,9,2 7 21,1000,373,False,False,11 16,923,57,True,False,316,1,0,41.60629917188078,False,True,True,2,True,4.0156000000024505,40.57639999973617,2.029199999924458,48.42579999967711
260724,4,4,1,20,8,8 14 23,1000,373,False,False,4,897,41,True,False,332,1,0,74.8540838240707,False,False,True,1,False,4.5627999998032465,55.842199999915465,1.6814000000522356,63.792299999931856
260724,5,18 21,2,20,11,10 16,1000,57,False,False,10 16,1000,57,False,False,0,0,0,91.0651457489879,False,False,True,1,False,3.5644999998112326,43.84260000006179,2.22829999984242,51.40829999982088
260724,6,17 22,2,20,10,17 22,1000,57,True,False,17 22,1000,57,True,False,0,0,0,153.69672469635634,False,False,True,1,False,3.7557999999080494,49.85290000013265,2.138899999863497,57.83270000029006
260724,7,12,1,20,10,12,1000,41,True,False,12,1000,41,True,False,0,0,0,113.9454713838793,False,False,True,1,False,3.5889000000679516,48.53309999998601,2.004200000101264,55.86529999982304
260724,8,2 22,2,20,16,2 22,1000,57,True,False,2 22,1000,57,True,False,0,0,0,147.05883023555396,False,False,True,1,False,3.482700000404293,39.031400000112626,2.934099999947648,47.250899999653484
260724,9,3 16,2,20,3,3 16,1000,207,True,False,3 16,1000,207,True,False,0,0,0,249.41471525579675,False,False,False,0,False,3.765099999782251,44.013600000198494,0.9792999999262975,50.5207999999584
260724,10,3,1,20,5,3,1000,191,True,False,3,1000,191,True,False,0,0,0,176.2790484357747,False,False,False,0,False,3.6506999999801337,39.99309999971956,1.2651000001824286,46.833500000047934
260724,11,2,1,20,9,2,1000,41,True,False,2,1000,41,True,False,0,0,0,138.6555192307693,False,False,True,1,False,3.7170000000514847,44.56000000027416,3.042000000277767,53.30969999977242
260724,12,13,1,20,11,13,1000,41,True,False,13,1000,41,True,False,0,0,0,91.9611437246964,False,False,True,1,False,5.90650000003734,48.004000000219094,2.488599999651342,58.30999999989217
260724,13,0 2,2,20,14,0 2,1000,57,True,False,0 2,1000,57,True,False,0,0,0,149.5539546742731,False,False,True,1,False,4.421799999818177,42.13420000041879,2.8081999998903484,51.15010000008624
260724,14,14 23,2,20,10,1 12,1000,57,False,False,1 12,1000,57,False,False,0,0,0,64.22304048582998,False,True,True,2,True,3.542500000094151,50.11049999984607,2.197300000261748,57.64580000004571
260724,15,1 2,2,20,11,13,1000,41,False,False,13,1000,41,False,False,0,0,0,43.780686694884025,False,False,True,1,False,3.8179999996827974,41.54019999987213,2.1495999999388005,49.281100000371225
260724,16,10 14,2,20,11,8 21,1000,357,False,False,10 14,831,57,True,False,300,1,0,22.794275303643644,True,False,True,2,True,3.571499999907246,40.98569999996471,1.9563999999263615,48.124299999926734
260724,17,18,1,20,12,18,1000,41,True,False,18,1000,41,True,False,0,0,0,110.67616737210165,False,False,True,1,False,3.4082999995916907,40.279999999711436,2.370100000007369,48.49229999990712
260724,18,5 22,2,20,12,1,1000,41,False,False,1,1000,41,False,False,0,0,0,85.56661970923813,False,False,True,1,False,3.4563999997772044,44.454599999880884,2.210200000263285,51.7771999998331
260724,19,17 18,2,20,12,17 18,1000,57,True,False,17 18,1000,57,True,False,0,0,0,103.17040890688259,False,False,True,1,False,3.4181000000899076,38.24769999982891,2.7109000002383254,46.099299999696086
260724,20,19,1,20,9,19,1000,41,True,False,19,1000,41,True,False,0,0,0,77.56403597718077,False,False,True,1,False,3.5259000001133245,39.80189999992945,1.9029000000045926,46.91270000012082
260724,21,2,1,20,9,2,1000,41,True,False,2,1000,41,True,False,0,0,0,106.52078238866397,False,False,True,1,False,4.054100000303151,42.38850000001548,1.9254999997428968,50.103800000215415
260724,22,0 18,2,20,12,0 18,1000,57,True,False,0 18,1000,57,True,False,0,0,0,84.22304048582998,False,False,True,1,False,4.865200000040204,39.96180000012828,2.2308999996312195,48.696599999857426
260724,23,10 23,2,20,6,4 21,1000,207,False,False,4 21,1000,207,False,False,0,0,0,34.21052631578948,False,False,False,0,False,4.1194000000359665,41.04689999985567,1.3411999998425017,48.069200000099954
260724,24,13 16,2,20,11,13 16,1000,57,True,False,13 16,1000,57,True,False,0,0,0,15.78947368421052,True,True,True,3,True,3.4985999996024475,38.31399999990026,2.076000000215572,45.531100000062
260724,25,3 8,2,20,6,3 8,1000,357,True,False,3 8,1000,357,True,False,0,0,0,58.73766497975703,False,False,False,0,False,3.640999999788619,45.415999999931955,2.858299999843439,54.49099999987084
260724,26,7 9,2,20,14,7 9,1000,207,True,False,7 9,1000,207,True,False,0,0,0,80.84775147221194,False,False,True,1,False,5.576399999881687,43.69940000015049,3.9219000000230153,55.06019999984346
260724,27,13,1,20,11,13,1000,41,True,False,13,1000,41,True,False,0,0,0,127.7167632499079,False,False,True,1,False,4.492400000344787,50.985599999876285,2.235099999779777,59.51310000000376
260724,28,20,1,20,8,20,1000,191,True,False,20,1000,191,True,False,0,0,0,147.3923495951417,False,False,True,1,False,3.7232999998195737,44.46070000039981,1.928199999838398,51.98350000000573
260724,29,5,1,20,10,5,1000,41,True,False,5,1000,41,True,False,0,0,0,87.99590200588887,False,False,True,1,False,4.042499999741267,44.0483000002132,2.084299999751238,51.97649999990972
260724,30,15 18,2,20,10,15 18,1000,207,True,False,15 18,1000,207,True,False,0,0,0,30.553210839160784,False,True,True,2,True,5.37720000011177,43.55810000015481,2.701699999761331,53.491500000291126
260724,31,16 19,2,20,10,16 19,1000,57,True,False,16 19,1000,57,True,False,0,0,0,165.55021779536253,False,False,True,1,False,3.8980999997875188,47.29689999976472,2.385299999787094,55.60169999989739
260724,32,7 15,2,20,11,7 15,1000,357,True,False,9 19 22,883,73,False,False,284,-1,0,37.76777263525946,False,False,True,1,False,4.129099999772734,45.43149999972229,2.553800000441697,54.11640000011175
260724,33,8,1,20,12,8,1000,191,True,False,8,1000,191,True,False,0,0,0,95.18883064041222,False,False,True,1,False,7.327699999677861,39.36770000018441,2.207600000019738,50.58510000026217
260724,34,5,1,20,10,5,1000,41,True,False,5,1000,41,True,False,0,0,0,100.65607167832161,False,False,True,1,False,3.6203999998178915,39.65210000023944,1.904800000374962,46.836399999847345
260724,35,2 15,2,20,11,6 20,1000,357,False,False,2 15,909,207,True,False,150,1,0,2.781761133603254,True,False,True,2,True,3.455900000062684,41.92060000013953,1.9476000002214278,48.93889999993917
260724,36,3 18,2,20,2,3 18,1000,207,True,False,3 18,1000,207,True,False,0,0,0,350.3849544902466,False,False,False,0,False,3.1652999996367726,39.80039999987639,1.3886000001548382,46.52560000022277
260724,37,4 8,2,20,10,4 8,1000,207,True,False,4 8,1000,207,True,False,0,0,0,43.15789473684208,False,False,True,1,False,8.491500000218366,57.963500000369095,2.2931999997126695,70.76810000035039
260724,38,0,1,20,11,0,1000,41,True,False,0,1000,41,True,False,0,0,0,147.62030391976452,False,False,True,1,False,4.494599999816273,49.72410000027594,2.195400000346126,58.1517000000531
260724,39,4 15,2,20,2,4 15,1000,207,True,False,4 15,1000,207,True,False,0,0,0,301.1339763894,False,False,False,0,False,4.103400000076363,40.60600000002523,0.7390000000668806,46.82670000011058
260725,0,14 17,2,20,13,14 17,1000,57,True,False,14 17,1000,57,True,False,0,0,0,64.74935627530363,False,True,True,2,True,3.8306999999804248,41.24659999979485,2.4979999998322455,49.34049999974377
260725,1,22,1,20,6,22,1000,191,True,False,22,1000,191,True,False,0,0,0,72.3967299227088,False,True,False,1,False,4.721400000107678,46.29360000035376,1.610600000276463,55.70960000022751
260725,2,13 19,2,20,15,13 19,1000,57,True,False,13 19,1000,57,True,False,0,0,0,17.894736842105203,True,False,True,2,True,3.616800000145304,44.764199999917764,2.8503999997155915,54.04050000015559
260725,3,3,1,20,9,3,1000,191,True,False,3,1000,191,True,False,0,0,0,158.5877613912403,False,False,True,1,False,4.255800000009913,50.58929999995598,1.9919999999729043,58.629499999824475
260725,4,20,1,20,8,20,1000,191,True,False,20,1000,191,True,False,0,0,0,162.2049814501288,False,False,True,1,False,4.59930000033637,43.48290000007182,2.728599999954895,53.193799999917246
260725,5,3,1,20,9,3,1000,191,True,False,3,1000,191,True,False,0,0,0,168.5182877070298,False,False,True,1,False,3.944000000046799,40.920899999946414,2.3811999999452382,49.01109999991604
260725,6,22,1,20,6,22,1000,191,True,False,22,1000,191,True,False,0,0,0,151.92383794626426,False,False,False,0,False,3.623500000230706,43.21410000011383,2.1603000000141037,51.05300000013813
260725,7,12,1,20,9,12,1000,41,True,False,12,1000,41,True,False,0,0,0,310.9410480309165,False,False,True,1,False,3.6667999997916922,40.452299999742536,2.4816999998620304,48.7716000002365
260725,8,0,1,20,8,0,1000,41,True,False,0,1000,41,True,False,0,0,0,194.78449782848736,False,False,True,1,False,3.8697999998476007,39.81899999962479,1.5644000000065716,46.873799999957555
260725,9,11,1,20,13,11,1000,41,True,False,11,1000,41,True,False,0,0,0,150.85090449024665,False,False,True,1,False,3.566699999737466,38.3814000001621,2.203300000019226,45.8771000003253
260725,10,20,1,20,8,20,1000,191,True,False,20,1000,191,True,False,0,0,0,153.43445995583363,False,False,True,1,False,3.206000000318454,40.78640000034284,1.667700000325567,47.312000000147236
260725,11,6 11,2,20,13,0 18,1000,57,False,False,0 18,1000,57,False,False,0,0,0,4.736842105263122,True,True,True,3,True,3.426199999921664,41.73430000037115,2.270299999963754,49.05169999983627
260725,12,0 6,2,20,10,0 6,1000,57,True,False,0 6,1000,57,True,False,0,0,0,106.84210526315792,False,False,True,1,False,3.4095999999408377,42.95269999965967,1.9634999998743297,50.00160000008691
260725,13,7 22,2,20,10,9 10,1000,207,False,False,9 10,1000,207,False,False,0,0,0,90.0,False,False,True,1,False,3.4694999999373977,41.2042000002657,1.9342000000506232,48.235400000066875
260725,14,5 19,2,20,8,5 19,1000,207,True,False,1 11,908,57,False,False,150,-1,0,12.644093117408943,True,False,True,2,True,3.372399999989284,39.33360000019093,2.915100000336679,47.26330000039525
260725,15,4 21,2,20,9,3 18,1000,207,False,False,3 18,1000,207,False,False,0,0,0,6.315789473684276,True,True,True,3,True,3.4114000000045053,39.03290000016568,1.7840000000433065,45.845399999961955
260725,16,15,1,20,9,15,1000,191,True,False,15,1000,191,True,False,0,0,0,130.99371102318742,False,False,True,1,False,3.8852999996379367,40.05090000009659,1.9271999999546097,47.62600000003658
260725,17,18,1,20,14,18,1000,41,True,False,18,1000,41,True,False,0,0,0,125.96678938167099,False,False,True,1,False,3.713600000082806,42.08380000000034,2.7359000000615197,50.29450000029101
260725,18,20,1,20,8,20,1000,191,True,False,20,1000,191,True,False,0,0,0,57.81340250276048,False,False,True,1,False,3.778299999794399,43.034000000261585,2.2859999999127467,50.9474999998929
260725,19,8 12,2,20,8,8 12,1000,57,True,False,8 12,1000,57,True,False,0,0,0,73.1578947368422,False,False,True,1,False,4.981300000054034,48.73919999999998,1.692299999831448,57.4228000000403
260725,20,10,1,20,7,10,1000,41,True,False,10,1000,41,True,False,0,0,0,193.9109737210158,False,False,False,0,False,3.4879999998338462,41.788999999880616,1.7373000000588945,49.81110000016997
260725,21,3,1,20,9,3,1000,191,True,False,3,1000,191,True,False,0,0,0,158.1203929701877,False,False,True,1,False,4.922000000078697,43.18979999970907,1.831400000355643,51.652800000283605
260725,22,22,1,20,6,22,1000,191,True,False,22,1000,191,True,False,0,0,0,176.35656039749733,False,False,False,0,False,3.4273000001121545,44.27639999994426,1.4847999996163708,50.94920000010461
260725,23,2 16,2,20,6,2 16,1000,57,True,False,2 16,1000,57,True,False,0,0,0,82.1052631578948,False,False,False,0,False,3.759899999749905,40.20910000008371,2.531100000396691,48.89920000005077
260725,24,2 10,2,20,5,2 10,1000,57,True,False,2 10,1000,57,True,False,0,0,0,151.74164372469636,False,False,False,0,False,7.3649000000841625,43.791999999939435,1.2615999999070482,54.16330000025482
260725,25,3 4,2,20,13,3 4,1000,357,True,False,18 21,883,57,False,False,300,-1,0,50.16269635627532,False,False,True,1,False,3.6750999997821054,43.49580000007336,2.3119999996197294,51.187300000037794
260725,26,1 2,2,20,11,1 2,1000,57,True,False,1 2,1000,57,True,False,0,0,0,42.1052631578948,False,True,True,2,True,3.419600000142964,44.61589999982607,2.272400000038033,52.14639999985593
260725,27,0,1,20,8,0,1000,41,True,False,0,1000,41,True,False,0,0,0,195.8880384983437,False,False,True,1,False,3.8260000001173466,39.82540000015433,1.6946000000643835,47.02530000031402
260725,28,11 13,2,20,13,11 13,1000,57,True,False,11 13,1000,57,True,False,0,0,0,33.15789473684208,False,True,True,2,True,3.616299999976036,42.75759999973161,2.242799999748968,50.20849999982602
260725,29,3 9,2,20,8,3 9,1000,357,True,False,10 19,904,57,False,False,300,-1,0,61.21532793522272,False,False,True,1,False,3.2129000001077657,39.37629999973069,1.6943999999057269,45.964099999764585
260725,30,16 22,2,20,4,16 22,1000,207,True,False,16 22,1000,207,True,False,0,0,0,181.47407208317998,False,False,False,0,False,3.4834999996746774,40.535000000090804,1.7251000003852823,47.714299999825016
260725,31,11 15,2,20,13,11 15,1000,207,True,False,11 15,1000,207,True,False,0,0,0,11.915401601030567,True,False,True,2,True,3.425500000048487,40.153299999929004,3.025499999694148,48.436100000344595
260725,32,1 13,2,20,16,5 17 20,1000,373,False,False,1 13,886,57,True,False,316,1,0,61.85986100478476,False,False,True,1,False,3.763600000183942,41.852100000141945,3.371899999820016,50.65500000000611
260725,33,15,1,20,9,15,1000,191,True,False,1 19,964,57,False,True,134,-1,-1,30.87930333087968,False,False,True,1,False,3.491100000246661,38.46929999963322,1.785699999800272,45.35740000028454
260725,34,21,1,20,14,21,1000,41,True,False,21,1000,41,True,False,0,0,0,140.9315957857931,False,False,True,1,False,3.8557999996555736,37.88609999992332,2.447500000016589,45.760299999983545
260725,35,13 21,2,20,10,14,1000,41,False,False,14,1000,41,False,False,0,0,0,15.320112532204575,True,True,True,3,True,3.5559000002649555,40.52989999991041,1.9226999997954408,47.64160000013362
260725,36,20,1,20,8,20,1000,191,True,False,20,1000,191,True,False,0,0,0,172.19962741994846,False,False,True,1,False,3.542899999956717,37.370000000009895,1.6009000000849483,44.95170000018334
260725,37,1 21,2,20,10,1 21,1000,57,True,False,1 21,1000,57,True,False,0,0,0,54.21052631578948,False,False,True,1,False,3.2326000000466593,40.1278999997885,2.720799999679002,47.86919999969541
260725,38,1 8,2,20,11,1 8,1000,57,True,False,1 8,1000,57,True,False,0,0,0,69.47368421052636,False,False,True,1,False,3.7916999999652035,42.92799999984709,2.6630000002114684,51.140200000190816
260725,39,11 23,2,20,8,4 10,1000,207,False,False,4 10,1000,207,False,False,0,0,0,23.145380566801578,True,False,True,2,True,3.4431999997650564,44.1755000001649,1.8850000001293665,51.6923999998653
260726,0,3 5,2,20,10,0 22,1000,207,False,False,2 14,928,57,False,False,150,0,0,23.1704089068827,True,False,True,2,True,3.719599999840284,42.79000000042288,2.1639999999933934,50.455499999770836
260726,1,10 11,2,20,14,10 11,1000,207,True,False,10 11,1000,207,True,False,0,0,0,70.78880410379088,False,False,True,1,False,3.797100000156206,44.54970000006142,2.7614999999059364,52.870200000143086
260726,2,7 10,2,20,10,7 10,1000,207,True,False,7 10,1000,207,True,False,0,0,0,13.684210526315724,True,True,True,3,True,3.6634999996749684,49.76489999990008,1.9225999999434862,57.07170000005135
260726,3,9 12,2,20,8,9 12,1000,207,True,False,9 12,1000,207,True,False,0,0,0,88.42105263157896,False,False,True,1,False,4.029799999898387,43.3259999999791,2.3592000002281566,51.549100000102044
260726,4,15,1,20,7,15,1000,41,True,False,15,1000,41,True,False,0,0,0,180.80076067353696,False,False,False,0,False,3.728000000137399,42.85410000011325,2.152700000351615,50.53859999998167
260726,5,3,1,20,15,3,1000,41,True,False,3,1000,41,True,False,0,0,0,101.7276723408171,False,False,True,1,False,3.6414999999578868,40.259400000195456,4.211099999793078,50.530500000149914
260726,6,2 21,2,20,9,0 5,1000,207,False,False,0 5,1000,207,False,False,0,0,0,22.63157894736844,True,False,True,2,True,3.379600000243954,41.348699999616656,2.6425000000926957,49.134500000036496
260726,7,14,1,20,13,14,1000,41,True,False,14,1000,41,True,False,0,0,0,173.40307903938174,False,False,True,1,False,3.681400000004942,43.77669999985301,2.4997000000439584,52.44139999967956
260726,8,1 17,2,20,7,8 10 11,1000,223,False,False,8 10 11,1000,223,False,False,0,0,0,27.267171935958686,False,False,False,0,False,3.465100000084931,43.52890000018306,1.579799999944953,50.38540000032299
260726,9,20,1,20,8,20,1000,191,True,False,20,1000,191,True,False,0,0,0,150.86450780272355,False,False,True,1,False,3.5895999999411288,43.12639999989187,1.655999999911728,50.31060000010257
260726,10,15 20,2,20,14,15 20,1000,207,True,False,15 20,1000,207,True,False,0,0,0,22.105263157894797,True,False,True,2,True,3.3725999996931932,50.79710000018167,2.8536999998323154,58.90399999998408
260726,11,11,1,20,5,11,1000,41,True,False,11,1000,41,True,False,0,0,0,203.30181358115567,False,False,False,0,False,4.511500000262458,43.382199999996374,1.2540000002445595,50.983199999791395
260726,12,8 18,2,20,11,19 20,1000,207,False,False,8 18,996,57,True,False,150,1,0,45.869547938903224,False,True,True,2,True,4.204200000003766,41.26240000005055,2.111600000262115,49.24090000031356
260726,13,6,1,20,8,6,1000,191,True,False,6,1000,191,True,False,0,0,0,43.431701453809296,False,False,True,1,False,3.7583000002996414,44.18549999991228,1.906800000142539,51.718000000164466
260726,14,0 8,2,20,10,16 19,1000,57,False,False,16 19,1000,57,False,False,0,0,0,146.8546194331983,False,False,True,1,False,4.524599999967904,45.41639999979452,2.2985000000517175,55.148299999927985
260726,15,9 16,2,20,8,9 16,1000,207,True,False,3 8,953,57,False,False,150,-1,0,36.32830364372467,False,False,True,1,False,3.600300000016432,48.48450000008597,1.6854000000421365,55.4242999996859
260726,16,18,1,20,15,18,1000,41,True,False,18,1000,41,True,False,0,0,0,110.13666755612803,False,False,True,1,False,3.378299999894807,43.849000000136584,2.8225999999449414,51.842800000031275
260726,17,7 9,2,20,6,7 9,1000,207,True,False,7 9,1000,207,True,False,0,0,0,104.48172276407809,False,False,False,0,False,3.478899999663554,44.356299999890325,1.5692000001763518,51.191000000017084
260726,18,15,1,20,7,15,1000,41,True,False,15,1000,41,True,False,0,0,0,190.9521482333456,False,False,False,0,False,3.8782999999966705,42.13899999967907,1.7361999998684041,49.6938000001137
260726,19,6,1,20,8,6,1000,191,True,False,15 22,931,57,False,True,134,-1,-1,13.474040172984928,True,False,True,2,True,3.94189999997252,41.5992000002916,1.6314999998030544,48.81419999992431
260726,20,5,1,20,12,5,1000,41,True,False,5,1000,41,True,False,0,0,0,119.84480152742003,False,False,True,1,False,3.2888000000639295,39.00190000013026,2.1062000000711123,46.01169999978083
260726,21,21,1,20,15,21,1000,191,True,False,21,1000,191,True,False,0,0,0,114.1596440375414,False,False,True,1,False,3.3726000001479406,40.97929999988992,2.5963000002775516,48.76940000031027
260726,22,9,1,20,11,9,1000,191,True,False,9,1000,191,True,False,0,0,0,129.35368958410004,False,False,True,1,False,3.2433000001219625,39.50100000020029,2.3986000001059438,47.7178000001004
260726,23,0 3,2,20,14,0 3,1000,207,True,False,0 3,1000,207,True,False,0,0,0,24.21052631578948,True,False,True,2,True,3.816499999629741,42.795400000159134,2.812400000038906,52.195299999766576
260726,24,17,1,20,11,17,1000,191,True,False,17,1000,191,True,False,0,0,0,183.87770872285603,False,False,True,1,False,3.629499999988184,42.98710000011852,2.8434000000743254,53.384599999844795
260726,25,15,1,20,7,15,1000,41,True,False,15,1000,41,True,False,0,0,0,233.87310517114463,False,False,False,0,False,3.670600000077684,53.70459999994637,1.6043999999055814,61.096599999928
260726,26,14 17,2,20,13,14 17,1000,207,True,False,14 17,1000,207,True,False,0,0,0,2.631578947368439,True,True,True,3,True,3.5579000000325323,42.24149999981819,2.958099999887054,51.50760000014998
260726,27,13,1,20,8,13,1000,41,True,False,13,1000,41,True,False,0,0,0,215.94009109311742,False,False,True,1,False,3.8426999999501277,42.51010000007227,1.650900000186084,49.68089999965741
260726,28,2 4,2,20,15,2 4,1000,57,True,False,2 4,1000,57,True,False,0,0,0,97.14189243651094,False,False,True,1,False,3.3521999998811225,51.87770000020464,2.8404999998201674,59.83839999998963
260726,29,7,1,20,11,7,1000,41,True,False,7,1000,41,True,False,0,0,0,118.2410694700036,False,False,True,1,False,3.983399999924586,40.62449999992168,2.3145000000113214,48.70160000018586
260726,30,5 9,2,20,5,19 22,1000,57,False,False,19 22,1000,57,False,False,0,0,0,92.67701687523004,False,False,False,0,False,4.099700000097073,48.282299999755196,2.0558000001074106,57.61149999989357
260726,31,9 21,2,20,9,9 21,1000,357,True,False,14 19,828,57,False,False,300,-1,0,21.215327935222717,True,False,True,2,True,4.208300000300369,59.92309999965073,1.8563999997240899,67.82670000029611
260726,32,17 19,2,20,8,17 19,1000,207,True,False,17 19,1000,207,True,False,0,0,0,98.30928257269045,False,False,True,1,False,3.495299999940471,46.90419999997175,1.7739999998411804,53.98850000028688
260726,33,10,1,20,11,10,1000,191,True,False,10,1000,191,True,False,0,0,0,76.7061512145749,False,False,True,1,False,3.8512000000991975,42.098299999906885,2.0931999997628736,49.70390000016778
260726,34,7,1,20,11,7,1000,41,True,False,7,1000,41,True,False,0,0,0,116.12776803459701,False,False,True,1,False,3.3517999995638093,43.986600000152976,2.4613999999019143,51.648000000113825
260726,35,12,1,20,15,12,1000,41,True,False,12,1000,41,True,False,0,0,0,119.20996899153477,False,False,True,1,False,3.8661999997202656,48.22310000008656,3.3504999996694096,57.180499999958556
260726,36,2 16,2,20,7,6 9,1000,357,False,False,2 16,943,57,True,False,300,1,0,81.74164372469636,False,False,False,0,False,3.719199999977718,40.96720000006826,1.512699999693723,47.86560000002282
260726,37,7,1,20,11,7,1000,41,True,False,7,1000,41,True,False,0,0,0,121.3949450680899,False,False,True,1,False,3.7099000001035165,42.933000000175525,2.538499999900523,51.095100000111415
260726,38,1 13,2,20,15,1 10 12,1000,223,False,True,4 19,987,57,False,False,166,0,1,3.6842105263158373,True,True,True,3,True,3.7766000000374333,42.37669999974969,3.587900000184163,51.606600000013714
260726,39,10,1,20,11,10,1000,191,True,False,10,1000,191,True,False,0,0,0,106.33256269782851,False,False,True,1,False,3.619900000103371,48.62909999974363,2.481900000020687,56.63279999998849
260727,0,17 23,2,20,10,17 23,1000,57,True,False,17 23,1000,57,True,False,0,0,0,156.32830364372467,False,False,True,1,False,3.698399999848334,43.73299999997471,2.026399999977002,51.162700000077166
260727,1,19,1,20,9,19,1000,41,True,False,19,1000,41,True,False,0,0,0,53.84901205373569,False,False,True,1,False,3.3889999999701104,53.68330000010246,1.9044000000576489,60.80180000026303
260727,2,6 22,2,20,12,1 20,1000,357,False,False,6 22,830,57,True,False,300,1,0,22.267959514170116,True,False,True,2,True,3.6861000003227673,48.86529999976119,2.3587000000588887,56.663299999854644
260727,3,2 6,2,20,10,2 6,1000,57,True,False,2 6,1000,57,True,False,0,0,0,149.66428478100852,False,False,True,1,False,3.4174000002167304,42.98470000003363,2.926600000137114,51.153599999906874
260727,4,5,1,20,14,5,1000,41,True,False,5,1000,41,True,False,0,0,0,71.76049530732428,False,False,True,1,False,4.2282999997951265,43.83880000023055,2.5864999997793348,52.39240000037171
260727,5,3 5,2,20,9,18,1000,191,False,True,18,1000,191,False,True,0,0,0,45.49923954729479,False,False,True,1,False,3.650099999958911,41.55350000019098,1.831400000355643,48.712199999954464
260727,6,3 12,2,20,7,3 12,1000,357,True,False,3 9 19,998,223,False,True,134,-1,-1,38.57314359587781,False,True,False,1,False,3.513300000122399,40.59929999993983,1.545900000110123,47.32640000020183
260727,7,13 19,2,20,14,4 10,1000,207,False,False,5 17,996,57,False,False,150,0,0,35.78947368421052,False,True,True,2,True,3.293000000212487,41.28190000028553,2.5418999998692016,48.74770000014905
260727,8,5,1,20,14,5,1000,41,True,False,5,1000,41,True,False,0,0,0,96.62059100110423,False,False,True,1,False,3.1748999999763328,40.657200000168814,2.6092999996762956,48.140500000044995
260727,9,7,1,20,11,7,1000,41,True,False,7,1000,41,True,False,0,0,0,179.61224420316523,False,False,True,1,False,3.3920999999281776,40.02589999981865,2.059700000245357,47.12710000012521
260727,10,18,1,20,9,18,1000,191,True,False,18,1000,191,True,False,0,0,0,59.447278100846574,False,False,True,1,False,3.2572000000072876,39.42689999985305,1.859599999988859,47.03669999980775
260727,11,3,1,20,5,3,1000,191,True,False,3,1000,191,True,False,0,0,0,147.29254098270144,False,False,False,0,False,3.208000000086031,39.789399999790476,1.1822000001302513,45.78799999990224
260727,12,2 14,2,20,12,2 10 12,1000,223,False,True,2 14,904,57,True,False,166,1,1,21.74830874125871,True,False,True,2,True,3.6816999995608057,41.92039999998087,2.057300000160467,49.22360000000481
260727,13,13,1,20,10,13,1000,41,True,False,13,1000,41,True,False,0,0,0,186.29657186234817,False,False,True,1,False,4.388700000163226,39.93940000009388,2.1756000001005305,48.269599999912316
260727,14,12,1,20,9,12,1000,191,True,False,12,1000,191,True,False,0,0,0,53.61658183658449,False,False,True,1,False,3.5630000002129236,40.275500000007014,3.6821999997300736,49.53169999998863
260727,15,17,1,20,15,17,1000,41,True,False,17,1000,41,True,False,0,0,0,24.294275211630406,True,False,True,2,True,6.404199999906268,39.125700000113284,2.577700000074401,49.70920000005208
260727,16,5,1,20,14,5,1000,41,True,False,5,1000,41,True,False,0,0,0,119.69944267574533,False,False,True,1,False,3.050599999824044,41.62349999978687,2.7132000000165135,49.64289999998073
260727,17,12 16,2,20,7,12 16,1000,357,True,False,12 16,1000,357,True,False,0,0,0,62.70388989694516,False,False,False,0,False,3.579099999569735,46.88329999999041,1.936699999987468,54.15229999971416
260727,18,0 22,2,20,7,0 22,1000,57,True,False,0 22,1000,57,True,False,0,0,0,122.19290204269407,False,False,False,0,False,4.042099999878701,42.4737999996978,1.7171999998026877,50.06180000009408
260727,19,5,1,20,14,5,1000,41,True,False,5,1000,41,True,False,0,0,0,207.15896420684578,False,False,True,1,False,4.253300000073068,48.82039999984045,2.4901000001591456,57.1737000000212
260727,20,4,1,20,12,4,1000,191,True,False,4,1000,191,True,False,0,0,0,111.41340250276039,False,False,True,1,False,3.1782000000930566,43.36840000041775,2.7546999999685795,51.161400000182766
260727,21,6 16,2,20,4,6 16,1000,207,True,False,6 16,1000,207,True,False,0,0,0,163.85224907986753,False,False,False,0,False,3.6964000000807573,42.46239999974932,1.1251000000811473,49.004799999693205
260727,22,10,1,20,13,10,1000,41,True,False,10,1000,41,True,False,0,0,0,144.99922957305853,False,False,True,1,False,3.3232000000680273,42.091899999832094,2.509799999643292,49.69149999988076
260727,23,8,1,20,8,8,1000,191,True,False,8,1000,191,True,False,0,0,0,78.90622546926761,False,False,True,1,False,3.475199999684264,47.72420000017519,1.9298000001981563,55.00419999998485
260727,24,0 12,2,20,12,0 12,1000,207,True,False,0 12,1000,207,True,False,0,0,0,42.82775147221196,False,False,True,1,False,6.882099999984348,42.15539999995599,2.4079999998321,53.25910000010481
260727,25,12,1,20,9,12,1000,191,True,False,12,1000,191,True,False,0,0,0,27.051605760029474,False,False,True,1,False,3.904099999999744,42.24859999976616,2.0546000000649656,50.071399999978894
260727,26,7,1,20,11,7,1000,41,True,False,7,1000,41,True,False,0,0,0,214.46583754140602,False,False,True,1,False,4.089699999894947,43.92809999990277,2.8953000000910833,52.798900000198046
260727,27,12 15,2,20,7,12 15,1000,207,True,False,12 15,1000,207,True,False,0,0,0,107.58658128450497,False,False,False,0,False,3.5316999997121457,40.11369999989256,1.6098999999485386,46.97149999992689
260727,28,4,1,20,12,6 8,1000,207,False,True,4,990,191,True,False,16,1,1,5.934454858299546,True,True,True,3,True,3.979099999924074,37.69869999996445,2.1664000000782835,45.437399999627814
260727,29,1 3,2,20,6,11,1000,41,False,True,11,1000,41,False,True,0,0,0,128.64472276407798,False,True,False,1,False,3.0692999998791493,39.92149999976391,1.3378000003285706,45.952699999816105
260727,30,2 7,2,20,12,20 21,1000,207,False,False,20 21,1000,207,False,False,0,0,0,51.040117408906895,False,False,True,1,False,3.104500000063126,43.4861999997338,2.214099999946484,50.46840000022712
260727,31,11,1,20,6,11,1000,41,True,False,11,1000,41,True,False,0,0,0,125.4801294626426,False,True,False,1,False,3.456700000242563,50.84500000020853,1.5407999999297317,57.644600000003265
260727,32,6 19,2,20,12,6 19,1000,57,True,False,6 19,1000,57,True,False,0,0,0,51.740744111152026,False,False,True,1,False,4.283100000066042,39.82559999985824,2.19260000039867,47.91560000012396
260727,33,1 20,2,20,12,1 20,1000,357,True,False,7 10,893,57,False,False,300,-1,0,55.4258542510122,False,False,True,1,False,3.099800000200048,40.51580000032118,2.329100000224571,47.63749999983702
260727,34,20 21,2,20,12,14 21 23,1000,73,False,True,14 21 23,1000,73,False,True,0,0,0,24.063466415163816,True,False,True,2,True,3.29779999992752,39.94540000030611,2.2936000000299828,47.3255999995672
260727,35,15,1,20,10,15,1000,41,True,False,15,1000,41,True,False,0,0,0,190.97872951785052,False,False,True,1,False,3.161999999974796,39.25379999964207,2.04329999996844,47.07749999988664
260727,36,9,1,20,7,9,1000,41,True,False,9,1000,41,True,False,0,0,0,231.67885189547303,False,False,False,0,False,3.2369000000471715,41.91579999996975,1.676800000041112,49.7029999996812
260727,37,14 18,2,20,8,2 16 20,1000,373,False,False,14 18,906,207,True,False,166,1,0,11.276150662495297,True,False,True,2,True,3.2851000000846398,45.316599999750906,1.8350000000282307,52.47479999979987
260727,38,10,1,20,13,10,1000,41,True,False,10,1000,41,True,False,0,0,0,158.62918172616855,False,False,True,1,False,3.4089000000676606,53.15710000013496,3.5665999998855114,62.1937999999318
260727,39,0 21,2,20,5,16,1000,191,False,True,16,1000,191,False,True,0,0,0,50.89457226720651,False,False,False,0,False,3.3653999998932704,58.986000000004424,2.4014000000533997,67.95680000004722
260728,0,10,1,20,12,10,1000,41,True,False,10,1000,41,True,False,0,0,0,202.55865568641877,False,False,True,1,False,5.505899999661779,49.20680000032007,2.624500000365515,59.24689999983457
260728,1,13 14,2,20,6,13 14,1000,207,True,False,17 22,910,57,False,False,150,-1,0,13.696724696356227,True,False,False,1,False,4.5070000001032895,44.36279999981707,1.879700000245066,52.55440000019007
260728,2,18 19,2,20,8,18 19,1000,357,True,False,0 4,799,57,False,False,300,-1,0,5.952170040485839,True,False,True,2,True,3.859800000100222,41.244100000312756,1.6750999998293992,48.57300000003306
260728,3,10,1,20,12,10,1000,41,True,False,10,1000,41,True,False,0,0,0,165.09224420316525,False,False,True,1,False,4.268200000296929,41.08809999979712,3.3532000002196582,50.41769999979806
260728,4,21,1,20,13,21,1000,41,True,False,21,1000,41,True,False,0,0,0,159.9469810452706,False,False,True,1,False,4.1751999997359235,39.753900000050635,2.4085999998533225,48.28489999999874
260728,5,17 18,2,20,8,17 18,1000,207,True,False,17 18,1000,207,True,False,0,0,0,15.925359127714387,True,False,True,2,True,4.0518999999221705,40.02020000007178,1.7238000000361353,47.469900000123744
260728,6,13 21,2,20,10,13 21,1000,207,True,False,13 21,1000,207,True,False,0,0,0,96.54411510857562,False,False,True,1,False,3.4845999998651678,41.98889999997846,3.865399999995134,51.19310000009136
260728,7,1,1,20,15,1,1000,41,True,False,1,1000,41,True,False,0,0,0,147.7936844313581,False,False,True,1,False,6.6492000000835105,55.464499999743566,2.846699999736302,66.81650000018635
260728,8,22 23,2,20,12,9 21,1000,207,False,False,9 21,1000,207,False,False,0,0,0,48.9473684210526,False,False,True,1,False,4.199799999696552,42.18700000001263,2.499600000192004,50.58290000033594
260728,9,2,1,20,8,2,1000,41,True,False,2,1000,41,True,False,0,0,0,118.46851214574895,False,False,True,1,False,3.7764999997307314,44.53400000011243,1.7758999997568026,51.850199999989854
260728,10,0 7,2,20,7,3 4 6,1000,223,False,False,3 4 6,1000,223,False,False,0,0,0,46.057337191755664,False,False,False,0,False,4.122800000004645,45.586700000058045,1.6611000000921194,54.28600000004735
260728,11,13,1,20,13,13,1000,191,True,False,13,1000,191,True,False,0,0,0,166.75312024291497,False,False,True,1,False,4.61570000015854,51.02080000006026,2.8979999997318373,60.47039999975823
260728,12,23,1,20,12,23,1000,41,True,False,23,1000,41,True,False,0,0,0,181.00516286345237,False,False,True,1,False,4.9798999998529325,43.583399999988615,3.292500000043219,53.66890000004787
260728,13,11,1,20,12,11,1000,191,True,False,11,1000,191,True,False,0,0,0,141.9476605999264,False,False,True,1,False,3.667400000267662,63.92039999991539,4.749700000047596,75.94190000008894
260728,14,6 18,2,20,11,8,1000,41,False,True,8,1000,41,False,True,0,0,0,119.54784201324992,False,True,True,2,True,6.119699999999284,66.43339999982345,2.662599999894155,77.5032999999894
260728,15,4 16,2,20,12,3 14,1000,207,False,False,3 14,1000,207,False,False,0,0,0,18.934854251012098,True,False,True,2,True,3.8593999997829087,53.51350000000821,2.4257999998553714,61.477999999624444
260728,16,12,1,20,10,12,1000,41,True,False,12,1000,41,True,False,0,0,0,160.49473224144276,False,False,True,1,False,3.9548999998260115,40.49110000005385,2.0491000000220083,48.10270000007222
260728,17,4 11,2,20,7,4 11,1000,207,True,False,4 11,1000,207,True,False,0,0,0,80.64096203533313,False,False,False,0,False,4.30240000014237,39.38600000037695,1.8022999997810984,47.18270000012126
260728,18,12,1,20,10,12,1000,41,True,False,12,1000,41,True,False,0,0,0,315.15157434670596,False,False,True,1,False,3.452999999808526,41.61489999978585,1.9870999999511696,48.6323000000084
260728,19,19,1,20,13,19,1000,191,True,False,19,1000,191,True,False,0,0,0,15.053519635627481,True,False,True,2,True,3.5031000002163637,48.84969999966415,2.363399999921967,56.321399999887944
260728,20,5 15,2,20,10,5 15,1000,207,True,False,5 15,1000,207,True,False,0,0,0,42.7118663047479,False,True,True,2,True,3.817100000105711,38.55059999978039,2.1019000000706,46.18530000016108
260728,21,16,1,20,10,16,1000,41,True,False,16,1000,41,True,False,0,0,0,140.67415780272358,False,False,True,1,False,4.046399999879213,40.86440000037328,1.8786000000545755,48.377999999956955
260728,22,11 22,2,20,10,11 22,1000,207,True,False,1 12,918,57,False,False,150,-1,0,17.907251012145707,True,False,True,2,True,3.686799999741197,43.25440000002345,2.2230999998100742,50.880700000107026
260728,23,8 18,2,20,14,6,1000,41,False,True,6,1000,41,False,True,0,0,0,117.54908603238869,False,False,True,1,False,3.730500000074244,48.979400000007445,5.675899999914691,60.25480000016614
260728,24,10,1,20,12,10,1000,41,True,False,10,1000,41,True,False,0,0,0,178.52497629738684,False,False,True,1,False,8.37520000004588,40.963899999951536,2.214900000126363,53.25070000026244
260728,25,19,1,20,13,19,1000,191,True,False,19,1000,191,True,False,0,0,0,123.34737861612064,False,False,True,1,False,3.4203999998680956,39.518000000043685,2.370499999869935,47.117099999923084
260728,26,9,1,20,17,9,1000,191,True,False,9,1000,191,True,False,0,0,0,64.06653398969445,False,False,True,1,False,3.3849999999802094,41.42249999995329,3.112499999588181,50.00900000004549
260728,27,5 19,2,20,10,16,1000,41,False,True,16,1000,41,False,True,0,0,0,120.73779416636,False,False,True,1,False,3.830999999991036,47.62449999998353,2.324600000065402,55.717899999763176
260728,28,1 11,2,20,12,9 15,1000,357,False,False,12 22,882,57,False,False,300,0,0,22.105263157894683,True,False,True,2,True,4.662100000132341,42.93710000001738,2.5439999999434804,52.09149999973306
260728,29,17 18,2,20,8,17 18,1000,207,True,False,17 18,1000,207,True,False,0,0,0,142.9777993191019,False,False,True,1,False,3.820099999757076,40.890700000090874,1.7565999996804749,48.25359999995271
260728,30,23,1,20,12,23,1000,41,True,False,23,1000,41,True,False,0,0,0,210.74545476628634,False,False,True,1,False,3.6925999997947656,43.388900000081776,2.059200000076089,50.91390000006868
260728,31,6,1,20,14,6,1000,41,True,False,6,1000,41,True,False,0,0,0,132.25310517114463,False,False,True,1,False,3.266700000040146,43.36539999985689,2.8876000001218927,51.32380000031844
260728,32,5 21,2,20,10,6 20,1000,207,False,False,10 23,935,57,False,False,150,0,0,16.315789473684163,True,False,True,2,True,3.874900000027992,39.48739999987083,1.8013000003520574,46.765099999902304
260728,33,20,1,20,11,20,1000,191,True,False,20,1000,191,True,False,0,0,0,122.12326378358489,False,False,True,1,False,3.2860000001164735,42.06739999972342,2.3094000002856774,49.534099999618775
260728,34,10 14,2,20,2,10 14,1000,57,True,False,10 14,1000,57,True,False,0,0,0,350.53882995951415,False,False,False,0,False,3.7802000001647684,41.791399999965506,0.7593999998789513,47.968200000013894
260728,35,17,1,20,7,17,1000,41,True,False,17,1000,41,True,False,0,0,0,220.94104803091648,False,False,False,0,False,3.7612999999510066,39.27040000007764,2.1756000001005305,46.899999999823194
260728,36,0 16,2,20,13,2 9 18,1000,373,False,False,0 16,919,57,True,False,316,1,0,79.20751650717705,False,False,True,1,False,3.446199999871169,39.788800000224,2.3793999998815707,47.3176999998941
260728,37,4 13,2,20,6,2 20,1000,207,False,False,2 20,1000,207,False,False,0,0,0,13.157894736842081,True,True,False,2,True,4.340599999977712,57.8709000001254,2.305100000285165,68.09609999982058
260728,38,4 9,2,20,6,4 9,1000,207,True,False,2 5,978,57,False,False,150,-1,0,49.48619838056675,False,True,False,1,False,6.185899999763933,47.23249999960899,1.6261999999187537,57.11810000002515
260728,39,3 11,2,20,13,21,1000,41,False,True,21,1000,41,False,True,0,0,0,150.8069237210159,False,False,True,1,False,4.02650000023641,55.36209999991115,2.733299999817973,65.06459999991421
